CREATE DATABASE  IF NOT EXISTS `ottereview-database` /*!40100 DEFAULT CHARACTER SET utf8mb4 COLLATE utf8mb4_unicode_ci */ /*!80016 DEFAULT ENCRYPTION='N' */;
USE `ottereview-database`;
-- MySQL dump 10.13  Distrib 8.0.38, for macos14 (arm64)
--
-- Host: i13c108.p.ssafy.io    Database: ottereview-database
-- ------------------------------------------------------
-- Server version	8.0.43

/*!40101 SET @OLD_CHARACTER_SET_CLIENT=@@CHARACTER_SET_CLIENT */;
/*!40101 SET @OLD_CHARACTER_SET_RESULTS=@@CHARACTER_SET_RESULTS */;
/*!40101 SET @OLD_COLLATION_CONNECTION=@@COLLATION_CONNECTION */;
/*!50503 SET NAMES utf8 */;
/*!40103 SET @OLD_TIME_ZONE=@@TIME_ZONE */;
/*!40103 SET TIME_ZONE='+00:00' */;
/*!40014 SET @OLD_UNIQUE_CHECKS=@@UNIQUE_CHECKS, UNIQUE_CHECKS=0 */;
/*!40014 SET @OLD_FOREIGN_KEY_CHECKS=@@FOREIGN_KEY_CHECKS, FOREIGN_KEY_CHECKS=0 */;
/*!40101 SET @OLD_SQL_MODE=@@SQL_MODE, SQL_MODE='NO_AUTO_VALUE_ON_ZERO' */;
/*!40111 SET @OLD_SQL_NOTES=@@SQL_NOTES, SQL_NOTES=0 */;

--
-- Table structure for table `account`
--

DROP TABLE IF EXISTS `account`;
/*!40101 SET @saved_cs_client     = @@character_set_client */;
/*!50503 SET character_set_client = utf8mb4 */;
CREATE TABLE `account` (
  `created_at` datetime(6) NOT NULL,
  `github_id` bigint DEFAULT NULL,
  `id` bigint NOT NULL AUTO_INCREMENT,
  `installation_id` bigint DEFAULT NULL,
  `modified_at` datetime(6) NOT NULL,
  `name` varchar(255) COLLATE utf8mb4_unicode_ci DEFAULT NULL,
  `type` varchar(255) COLLATE utf8mb4_unicode_ci DEFAULT NULL,
  PRIMARY KEY (`id`)
) ENGINE=InnoDB AUTO_INCREMENT=3 DEFAULT CHARSET=utf8mb4 COLLATE=utf8mb4_unicode_ci;
/*!40101 SET character_set_client = @saved_cs_client */;

--
-- Dumping data for table `account`
--

LOCK TABLES `account` WRITE;
/*!40000 ALTER TABLE `account` DISABLE KEYS */;
INSERT INTO `account` VALUES ('2025-08-16 22:50:38.903393',223587397,1,81253819,'2025-08-16 22:50:38.903393','ottereview','Organization'),('2025-08-17 15:47:59.621001',195266610,2,81357850,'2025-08-17 15:47:59.621001','huizoo','User');
/*!40000 ALTER TABLE `account` ENABLE KEYS */;
UNLOCK TABLES;

--
-- Table structure for table `branch`
--

DROP TABLE IF EXISTS `branch`;
/*!40101 SET @saved_cs_client     = @@character_set_client */;
/*!50503 SET character_set_client = utf8mb4 */;
CREATE TABLE `branch` (
  `min_approve_cnt` int DEFAULT NULL,
  `created_at` datetime(6) NOT NULL,
  `id` bigint NOT NULL AUTO_INCREMENT,
  `modified_at` datetime(6) NOT NULL,
  `repo_id` bigint DEFAULT NULL,
  `name` varchar(255) COLLATE utf8mb4_unicode_ci DEFAULT NULL,
  PRIMARY KEY (`id`),
  KEY `FKilibxgf7dawnc507sdtk11jp4` (`repo_id`),
  CONSTRAINT `FKilibxgf7dawnc507sdtk11jp4` FOREIGN KEY (`repo_id`) REFERENCES `repository` (`id`) ON DELETE CASCADE
) ENGINE=InnoDB AUTO_INCREMENT=58 DEFAULT CHARSET=utf8mb4 COLLATE=utf8mb4_unicode_ci;
/*!40101 SET character_set_client = @saved_cs_client */;

--
-- Dumping data for table `branch`
--

LOCK TABLES `branch` WRITE;
/*!40000 ALTER TABLE `branch` DISABLE KEYS */;
INSERT INTO `branch` VALUES (0,'2025-08-16 22:50:44.087511',1,'2025-08-16 22:50:44.087511',1,'develop'),(0,'2025-08-16 22:50:44.091818',2,'2025-08-16 22:50:44.091818',1,'main'),(0,'2025-08-16 23:50:12.657609',17,'2025-08-16 23:50:12.657609',1,'feature/auth-controller'),(0,'2025-08-16 23:54:32.797912',19,'2025-08-16 23:54:32.797912',1,'feature/add-feed-mapper'),(0,'2025-08-17 00:06:34.599910',20,'2025-08-17 00:06:34.599910',1,'feature/auth-jwt-update'),(0,'2025-08-17 15:35:50.581766',24,'2025-08-17 15:35:50.581766',1,'feature/challenge-total'),(0,'2025-08-17 15:48:03.371326',25,'2025-08-17 15:48:03.371326',2,'master'),(0,'2025-08-17 15:48:03.372305',26,'2025-08-17 15:48:03.372305',3,'333test333'),(0,'2025-08-17 15:48:03.373535',27,'2025-08-17 15:48:03.373535',3,'44test44'),(0,'2025-08-17 15:48:03.374629',28,'2025-08-17 15:48:03.374629',3,'master'),(0,'2025-08-17 15:48:03.375570',29,'2025-08-17 15:48:03.375570',3,'test'),(0,'2025-08-17 15:48:03.376436',30,'2025-08-17 15:48:03.376436',3,'test2222'),(0,'2025-08-17 15:48:03.377263',31,'2025-08-17 15:48:03.377263',3,'찐막테스트'),(0,'2025-08-17 15:48:03.378041',32,'2025-08-17 15:48:03.378041',4,'master'),(0,'2025-08-17 15:48:03.378806',33,'2025-08-17 15:48:03.378806',5,'flyio-new-files'),(0,'2025-08-17 15:48:03.379537',34,'2025-08-17 15:48:03.379537',5,'gh-pages'),(0,'2025-08-17 15:48:03.380262',35,'2025-08-17 15:48:03.380262',6,'master'),(0,'2025-08-17 15:48:03.380947',36,'2025-08-17 15:48:03.380947',7,'master'),(0,'2025-08-17 15:48:03.381695',37,'2025-08-17 15:48:03.381695',8,'master'),(0,'2025-08-17 15:48:03.382468',38,'2025-08-17 15:48:03.382468',9,'test1'),(0,'2025-08-17 15:48:03.383221',39,'2025-08-17 15:48:03.383221',9,'test2'),(0,'2025-08-17 15:48:03.383967',40,'2025-08-17 15:48:03.383967',9,'test3'),(0,'2025-08-17 15:50:58.185428',41,'2025-08-17 15:50:58.185428',10,'dev'),(0,'2025-08-17 15:50:58.186216',42,'2025-08-17 15:50:58.186216',10,'main'),(0,'2025-08-17 15:50:58.186930',43,'2025-08-17 15:50:58.186930',10,'tetetetest'),(0,'2025-08-17 15:50:58.187659',44,'2025-08-17 15:50:58.187659',11,'feat/1'),(0,'2025-08-17 15:50:58.188486',45,'2025-08-17 15:50:58.188486',11,'feat/2'),(0,'2025-08-17 15:50:58.189222',46,'2025-08-17 15:50:58.189222',11,'feat/ai'),(0,'2025-08-17 15:50:58.189944',47,'2025-08-17 15:50:58.189944',11,'feat/common'),(0,'2025-08-17 15:50:58.190737',48,'2025-08-17 15:50:58.190737',11,'feat/conflict'),(0,'2025-08-17 15:50:58.191455',49,'2025-08-17 15:50:58.191455',11,'feat/webhook'),(0,'2025-08-17 15:50:58.192330',50,'2025-08-17 15:50:58.192330',11,'feature/email'),(0,'2025-08-17 15:50:58.193134',51,'2025-08-17 15:50:58.193134',11,'feature/oauth-refactor'),(0,'2025-08-17 15:50:58.193893',52,'2025-08-17 15:50:58.193893',11,'feature/s3'),(0,'2025-08-17 15:50:58.194656',53,'2025-08-17 15:50:58.194656',11,'feature/s3-upload'),(0,'2025-08-17 15:50:58.195569',54,'2025-08-17 15:50:58.195569',11,'main'),(0,'2025-08-17 15:50:58.196367',55,'2025-08-17 15:50:58.196367',11,'revert-26-feature/s3-upload'),(0,'2025-08-17 15:50:58.197655',56,'2025-08-17 15:50:58.197655',11,'revert-33-feature/email'),(0,'2025-08-17 16:07:06.481891',57,'2025-08-17 16:07:06.481891',1,'feature/like-entity-service');
/*!40000 ALTER TABLE `branch` ENABLE KEYS */;
UNLOCK TABLES;

--
-- Table structure for table `description`
--

DROP TABLE IF EXISTS `description`;
/*!40101 SET @saved_cs_client     = @@character_set_client */;
/*!50503 SET character_set_client = utf8mb4 */;
CREATE TABLE `description` (
  `line` int DEFAULT NULL,
  `position` int DEFAULT NULL,
  `start_line` int DEFAULT NULL,
  `created_at` datetime(6) NOT NULL,
  `id` bigint NOT NULL AUTO_INCREMENT,
  `modified_at` datetime(6) NOT NULL,
  `pull_request_id` bigint DEFAULT NULL,
  `user_id` bigint DEFAULT NULL,
  `body` text COLLATE utf8mb4_unicode_ci,
  `diff_hunk` text COLLATE utf8mb4_unicode_ci,
  `path` varchar(255) COLLATE utf8mb4_unicode_ci NOT NULL,
  `record_key` varchar(255) COLLATE utf8mb4_unicode_ci DEFAULT NULL,
  `side` varchar(255) COLLATE utf8mb4_unicode_ci DEFAULT NULL,
  `start_side` varchar(255) COLLATE utf8mb4_unicode_ci DEFAULT NULL,
  PRIMARY KEY (`id`),
  KEY `FKf8ijcljbc9nhu4g7uji8e4xau` (`pull_request_id`),
  KEY `FKb87y34g013ip31u24ruo02qij` (`user_id`),
  CONSTRAINT `FKb87y34g013ip31u24ruo02qij` FOREIGN KEY (`user_id`) REFERENCES `users` (`id`),
  CONSTRAINT `FKf8ijcljbc9nhu4g7uji8e4xau` FOREIGN KEY (`pull_request_id`) REFERENCES `pull_request` (`id`) ON DELETE CASCADE
) ENGINE=InnoDB AUTO_INCREMENT=28 DEFAULT CHARSET=utf8mb4 COLLATE=utf8mb4_unicode_ci;
/*!40101 SET character_set_client = @saved_cs_client */;

--
-- Dumping data for table `description`
--

LOCK TABLES `description` WRITE;
/*!40000 ALTER TABLE `description` DISABLE KEYS */;
INSERT INTO `description` VALUES (30,30,NULL,'2025-08-16 23:08:52.225655',1,'2025-08-16 23:08:52.225655',1,2,'Member와 1대다 Mapping 추가',NULL,'src/main/java/com/ssafy/pageon/challenge/entity/Challenge.java',NULL,'RIGHT',NULL),(29,29,NULL,'2025-08-16 23:08:52.232041',2,'2025-08-16 23:08:52.232041',1,2,'참가자는 Challenge 와 Member와 의 관계 entity',NULL,'src/main/java/com/ssafy/pageon/challenge/entity/ChallengeParticipation.java',NULL,'RIGHT',NULL),(17,17,NULL,'2025-08-16 23:08:52.233994',3,'2025-08-16 23:08:52.233994',1,2,'성능 향상을 위한 Index 에노테이션 추가',NULL,'src/main/java/com/ssafy/pageon/challenge/entity/ChallengeVertification.java',NULL,'RIGHT',NULL),(15,15,NULL,'2025-08-16 23:13:37.020538',4,'2025-08-16 23:13:37.020538',2,7,'설명설명',NULL,'src/main/java/com/ssafy/pageon/auth/dto/KakaoUserInfo.java',NULL,'RIGHT',NULL),(25,30,23,'2025-08-16 23:24:29.935581',5,'2025-08-16 23:24:29.935581',4,7,'설설명',NULL,'src/main/java/com/ssafy/pageon/auth/event/ProfileImageUploadEventHandler.java',NULL,'RIGHT','RIGHT'),(52,52,39,'2025-08-16 23:27:10.826413',6,'2025-08-16 23:27:10.826413',5,1,'좋아요 로직 추가',NULL,'src/main/java/com/ssafy/pageon/feed/service/FavoriteBookService.java',NULL,'RIGHT','RIGHT'),(12,12,NULL,'2025-08-16 23:35:14.401213',7,'2025-08-16 23:35:14.401213',8,2,'저 잘했죠?',NULL,'src/main/java/com/ssafy/pageon/challenge/repository/ChallengeParticipationRepository.java',NULL,'RIGHT',NULL),(7,7,NULL,'2025-08-16 23:36:31.894128',8,'2025-08-16 23:36:31.894128',10,7,'dmdjdj',NULL,'src/main/java/com/ssafy/pageon/auth/exception/AuthErrorCode.java',NULL,'RIGHT',NULL),(10,10,3,'2025-08-16 23:44:40.188653',9,'2025-08-16 23:44:40.188653',13,7,'아아아',NULL,'src/main/java/com/ssafy/pageon/auth/service/KakaoAuthService.java',NULL,'RIGHT','RIGHT'),(6,6,NULL,'2025-08-16 23:47:46.133613',10,'2025-08-16 23:47:46.133613',14,2,'kakao 가고 싶어요!',NULL,'src/main/java/com/ssafy/pageon/challenge/service/ChallengeParticipationServiceImpl.java',NULL,'RIGHT',NULL),(7,7,NULL,'2025-08-16 23:48:37.036087',11,'2025-08-16 23:48:37.036087',15,7,'집 가 고 싶 다',NULL,'src/main/java/com/ssafy/pageon/auth/token/AuthToken.java',NULL,'RIGHT',NULL),(42,42,35,'2025-08-16 23:55:04.710510',12,'2025-08-16 23:55:04.710510',17,7,'api url 바뀌었으니 확인해주세요.',NULL,'src/main/java/com/ssafy/pageon/auth/controller/KakaoAuthController.java',NULL,'RIGHT','RIGHT'),(59,59,52,'2025-08-16 23:55:04.711527',13,'2025-08-16 23:55:04.711527',17,7,'이부분 헤더 잘 확인해주세요.',NULL,'src/main/java/com/ssafy/pageon/auth/controller/KakaoAuthController.java',NULL,'RIGHT','RIGHT'),(24,24,NULL,'2025-08-16 23:57:32.346332',14,'2025-08-16 23:57:32.346332',18,1,'엔티티 DTO 변환을 위한 Mapper 클래스 구현했습니다!',NULL,'src/main/java/com/ssafy/pageon/feed/mapper/FeedMapper.java',NULL,'RIGHT',NULL),(43,43,NULL,'2025-08-16 23:58:36.494714',15,'2025-08-16 23:58:36.494714',19,2,'Pagenation 적용했습니다!',NULL,'src/main/java/com/ssafy/pageon/challenge/controller/ChallengeController.java',NULL,'RIGHT',NULL),(10,10,NULL,'2025-08-17 14:54:29.244634',16,'2025-08-17 14:54:29.244634',22,2,'dto 추가를 했습니다!',NULL,'src/main/java/com/ssafy/pageon/challenge/dto/ChallengeVerificationResponse.java',NULL,'RIGHT',NULL),(11,11,7,'2025-08-17 15:06:51.301613',17,'2025-08-17 15:06:51.301613',23,1,'Feed 부분 공통 에러코드 입니다.',NULL,'src/main/java/com/ssafy/pageon/feed/exception/feed/FeedErrorCode.java',NULL,'RIGHT','RIGHT'),(10,10,9,'2025-08-17 15:06:51.302567',18,'2025-08-17 15:06:51.302567',23,1,'정규식으로 검증 이미지키 형식 검증합니다.',NULL,'src/main/java/com/ssafy/pageon/feed/dto/CreateStoryRequest.java',NULL,'RIGHT','RIGHT'),(7,7,NULL,'2025-08-17 15:06:51.303361',19,'2025-08-17 15:06:51.303361',23,1,'필수값 검증 로직 추가',NULL,'src/main/java/com/ssafy/pageon/feed/dto/CreateFavoriteBookRequest.java',NULL,'RIGHT',NULL),(15,15,11,'2025-08-17 15:06:51.304147',20,'2025-08-17 15:06:51.304147',23,1,'@JsonSubTypes를 사용해서 추상클래스로 요청 받기',NULL,'src/main/java/com/ssafy/pageon/feed/dto/CreateFeedRequest.java',NULL,'RIGHT','RIGHT'),(10,10,NULL,'2025-08-17 15:53:25.370331',21,'2025-08-17 15:53:25.370331',30,2,'사용하지 않는 import 문 삭제',NULL,'src/main/java/com/ssafy/pageon/challenge/controller/ChallengeController.java',NULL,'LEFT',NULL),(20,24,NULL,'2025-08-17 15:53:25.371275',22,'2025-08-17 15:53:25.371275',30,2,'springboot 에노테이션으로 간편화',NULL,'src/main/java/com/ssafy/pageon/challenge/controller/ChallengeController.java',NULL,'RIGHT',NULL),(18,22,NULL,'2025-08-17 15:53:25.372115',23,'2025-08-17 15:53:25.372115',30,2,'springboot 에노테이션으로 간편화',NULL,'src/main/java/com/ssafy/pageon/challenge/controller/ChallengeParticipationController.java',NULL,'RIGHT',NULL),(11,12,NULL,'2025-08-17 15:53:25.373055',24,'2025-08-17 15:53:25.373055',30,2,'Builder 패턴 추가',NULL,'src/main/java/com/ssafy/pageon/challenge/dto/ChallengeResponse.java',NULL,'RIGHT',NULL),(30,5,NULL,'2025-08-17 15:53:25.373891',25,'2025-08-17 15:53:25.373891',30,2,'id로 존재여부 판단 메소드 추가',NULL,'src/main/java/com/ssafy/pageon/challenge/repository/ChallengeVerificationRepository.java',NULL,'RIGHT',NULL),(129,13,NULL,'2025-08-17 15:53:25.374706',26,'2025-08-17 15:53:25.374706',30,2,'get  메서드 비즈니스 로직에 맞게 이름 변경후 추가',NULL,'src/main/java/com/ssafy/pageon/challenge/service/ChallengeService.java',NULL,'RIGHT',NULL),(15,18,11,'2025-08-17 16:13:11.703310',27,'2025-08-17 16:13:11.703310',32,1,'Base 엔티티 구현',NULL,'src/main/java/com/ssafy/pageon/feed/entity/Likes.java',NULL,'RIGHT','RIGHT');
/*!40000 ALTER TABLE `description` ENABLE KEYS */;
UNLOCK TABLES;

--
-- Table structure for table `meeting_participant`
--

DROP TABLE IF EXISTS `meeting_participant`;
/*!40101 SET @saved_cs_client     = @@character_set_client */;
/*!50503 SET character_set_client = utf8mb4 */;
CREATE TABLE `meeting_participant` (
  `is_owner` bit(1) NOT NULL,
  `send_mail` bit(1) NOT NULL,
  `id` bigint NOT NULL AUTO_INCREMENT,
  `room_id` bigint NOT NULL,
  `user_id` bigint NOT NULL,
  PRIMARY KEY (`id`),
  KEY `FK2r1gg7g3bu9uqqttipfjd9fel` (`room_id`),
  KEY `FK7o4dfwe6umh47ynvnmqum0ueb` (`user_id`),
  CONSTRAINT `FK2r1gg7g3bu9uqqttipfjd9fel` FOREIGN KEY (`room_id`) REFERENCES `meeting_room` (`id`) ON DELETE CASCADE,
  CONSTRAINT `FK7o4dfwe6umh47ynvnmqum0ueb` FOREIGN KEY (`user_id`) REFERENCES `users` (`id`)
) ENGINE=InnoDB AUTO_INCREMENT=32 DEFAULT CHARSET=utf8mb4 COLLATE=utf8mb4_unicode_ci;
/*!40101 SET character_set_client = @saved_cs_client */;

--
-- Dumping data for table `meeting_participant`
--

LOCK TABLES `meeting_participant` WRITE;
/*!40000 ALTER TABLE `meeting_participant` DISABLE KEYS */;
/*!40000 ALTER TABLE `meeting_participant` ENABLE KEYS */;
UNLOCK TABLES;

--
-- Table structure for table `meeting_room`
--

DROP TABLE IF EXISTS `meeting_room`;
/*!40101 SET @saved_cs_client     = @@character_set_client */;
/*!50503 SET character_set_client = utf8mb4 */;
CREATE TABLE `meeting_room` (
  `created_at` datetime(6) NOT NULL,
  `id` bigint NOT NULL AUTO_INCREMENT,
  `modified_at` datetime(6) NOT NULL,
  `pr_id` bigint NOT NULL,
  `room_name` varchar(255) COLLATE utf8mb4_unicode_ci NOT NULL,
  PRIMARY KEY (`id`),
  KEY `FKku9iy8uoej77t2ibpycpjfkil` (`pr_id`),
  CONSTRAINT `FKku9iy8uoej77t2ibpycpjfkil` FOREIGN KEY (`pr_id`) REFERENCES `pull_request` (`id`) ON DELETE CASCADE
) ENGINE=InnoDB AUTO_INCREMENT=5 DEFAULT CHARSET=utf8mb4 COLLATE=utf8mb4_unicode_ci;
/*!40101 SET character_set_client = @saved_cs_client */;

--
-- Dumping data for table `meeting_room`
--

LOCK TABLES `meeting_room` WRITE;
/*!40000 ALTER TABLE `meeting_room` DISABLE KEYS */;
/*!40000 ALTER TABLE `meeting_room` ENABLE KEYS */;
UNLOCK TABLES;

--
-- Table structure for table `meeting_room_files`
--

DROP TABLE IF EXISTS `meeting_room_files`;
/*!40101 SET @saved_cs_client     = @@character_set_client */;
/*!50503 SET character_set_client = utf8mb4 */;
CREATE TABLE `meeting_room_files` (
  `id` bigint NOT NULL AUTO_INCREMENT,
  `meeting_room_id` bigint DEFAULT NULL,
  `file_name` varchar(255) COLLATE utf8mb4_unicode_ci DEFAULT NULL,
  PRIMARY KEY (`id`),
  KEY `FK1mcrdwilok4j2luw7jbd6lexa` (`meeting_room_id`),
  CONSTRAINT `FK1mcrdwilok4j2luw7jbd6lexa` FOREIGN KEY (`meeting_room_id`) REFERENCES `meeting_room` (`id`) ON DELETE CASCADE
) ENGINE=InnoDB AUTO_INCREMENT=5 DEFAULT CHARSET=utf8mb4 COLLATE=utf8mb4_unicode_ci;
/*!40101 SET character_set_client = @saved_cs_client */;

--
-- Dumping data for table `meeting_room_files`
--

LOCK TABLES `meeting_room_files` WRITE;
/*!40000 ALTER TABLE `meeting_room_files` DISABLE KEYS */;
/*!40000 ALTER TABLE `meeting_room_files` ENABLE KEYS */;
UNLOCK TABLES;

--
-- Table structure for table `priority`
--

DROP TABLE IF EXISTS `priority`;
/*!40101 SET @saved_cs_client     = @@character_set_client */;
/*!50503 SET character_set_client = utf8mb4 */;
CREATE TABLE `priority` (
  `id` bigint NOT NULL AUTO_INCREMENT,
  `pr_id` bigint DEFAULT NULL,
  `content` longtext COLLATE utf8mb4_unicode_ci NOT NULL,
  `level` varchar(255) COLLATE utf8mb4_unicode_ci NOT NULL,
  `title` varchar(255) COLLATE utf8mb4_unicode_ci NOT NULL,
  PRIMARY KEY (`id`),
  KEY `FKl39kn6x9jr4td1cdv1blqlvp9` (`pr_id`),
  CONSTRAINT `FKl39kn6x9jr4td1cdv1blqlvp9` FOREIGN KEY (`pr_id`) REFERENCES `pull_request` (`id`) ON DELETE CASCADE
) ENGINE=InnoDB AUTO_INCREMENT=73 DEFAULT CHARSET=utf8mb4 COLLATE=utf8mb4_unicode_ci;
/*!40101 SET character_set_client = @saved_cs_client */;

--
-- Dumping data for table `priority`
--

LOCK TABLES `priority` WRITE;
/*!40000 ALTER TABLE `priority` DISABLE KEYS */;
INSERT INTO `priority` VALUES (1,1,'src/main/java/com/ssafy/pageon/challenge/entity/Challenge.java 파일에서 추가된 새로운 비즈니스 로직이 기존의 기능과 어떻게 상호작용하는지, 특히 엣지 케이스와 예외 처리 로직이 적절한지 확인해야 합니다.','HIGH','Challenge Entity의 비즈니스 로직 검토'),(2,1,'여러 Challenge 관련 엔티티가 추가되면서 데이터베이스 스키마에 영향을 미칠 수 있습니다. src/main/java/com/ssafy/pageon/challenge/entity/ChallengeParticipation.java와 src/main/java/com/ssafy/pageon/challenge/entity/ChallengeType.java의 관계 및 제약 조건 확인이 필요합니다.','HIGH','데이터베이스 무결성 및 관계 검증'),(3,1,'다수의 Challenge 관련 엔티티가 새로 추가되었으므로, src/main/java/com/ssafy/pageon/challenge/entity/HeadcountLimit.java와 src/main/java/com/ssafy/pageon/challenge/entity/Period.java의 일관성 및 데이터의 유효성을 검토해야 합니다.','MEDIUM','Challenge 관련 엔티티의 일관성 검토'),(4,2,'src/main/java/com/ssafy/pageon/auth/dto/KakaoToken.java 파일에서 신규 추가된 보안 관련 코드가 사용자의 인증 토큰을 생성하거나 처리하는 로직으로 추정됩니다. 이 로직은 외부 공격이나 허가되지 않은 접근에 취약할 수 있으므로, 토큰 생성 및 검증 과정에서 발생할 수 있는 잠재적 보안 결함을 확인해야 합니다.','CRITICAL','KakaoToken 클래스의 보안 토큰 처리 검토'),(5,2,'src/main/java/com/ssafy/pageon/auth/dto/KakaoUserInfo.java에서 추가된 사용자 정보 처리 로직이 실제 사용자 데이터를 어떻게 처리하는지를 명확히 검토해야 합니다. 사용자의 민감한 정보가 포함된 경우, 데이터 보호 및 프라이버시 관련 문제가 발생할 수 있으므로 해당 로직의 안전성을 검토하고 모든 경우에 올바르게 동작하는지 확인해야 합니다.','CRITICAL','KakaoUserInfo 클래스의 사용자 정보 처리 안전성 검토'),(6,2,'src/main/java/com/ssafy/pageon/auth/dto/LoginResponse.java 파일이 새로운 로그인 응답 구조를 정의하고 있습니다. 이 구조가 클라이언트와 서버 간의 상호작용에서 취약점을 유발하지 않도록, 리스폰스의 형식 및 내용이 의도한 대로 제공되는지, 또 전송되는 정보가 적절하게 보호되는지 검토해야 합니다.','CRITICAL','LoginResponse 클래스의 인증 응답 구조 검토'),(7,3,'src/main/java/com/ssafy/pageon/feed/entity/FavoriiteBook.java, Feed.java, Magazine.java, Story.java 파일에서 새로운 엔티티가 추가되었습니다. 이로 인해 데이터베이스 스키마의 무결성이 영향을 받을 수 있으며, 적절한 데이터 마이그레이션과 관계 설정이 필요합니다. 데이터베이스 내에서의 하위 호환성 문제를 확인해야 합니다.','HIGH','엔티티 추가에 따른 데이터베이스 무결성 검토'),(8,3,'src/main/java/com/ssafy/pageon/feed/entity/Feed.java에서 주요 로직 수정이 이루어져 있습니다. Feed 엔티티가 추가됨에 따라 비즈니스 로직 및 데이터를 처리하는 방식이 변경될 가능성이 있으므로, 특정 비즈니스 프로세스에서의 로직 흐름이 정상적으로 작동하는지 테스트해야 합니다.','HIGH','Feed 엔티티의 구조적 변경'),(9,3,'새로 추가된 FavoriiteBook, Feed, Magazine, Story 엔티티에 대한 적절한 API 엔드포인트가 설정되었는지 검토해야 합니다. API에 대한 문서화가 누락되면 사용자가 새로운 데이터 모델을 활용할 수 없으므로, API 문서와 단위 테스트를 확인하는 것이 중요합니다.','MEDIUM','새로운 데이터 모델의 API 반영'),(10,4,'src/main/java/com/ssafy/pageon/auth/event/ProfileImageUploadEventHandler.java 파일에서 사용자 프로필 이미지 업로드 시 인증 관련 로직이 추가되었습니다. 이 로직이 공격에 대해 안전한지, 예외 처리가 적절히 되어 있는지 확인해야 합니다.','CRITICAL','토큰 및 인증 처리 로직의 안전성 확인 필요'),(11,4,'src/main/java/com/ssafy/pageon/auth/event/RegisteredEvent.java 파일에서 추가된 인증 이벤트로 인해 데이터 검증 및 처리 로직의 신뢰성이 필요합니다. 유효하지 않은 데이터가 시스템에 들어오는 경우를 포함해 어떤 검증이 이루어지는지 점검해야 합니다.','HIGH','신규 이벤트 클래스의 데이터 검증 로직 검토'),(12,4,'src/main/java/com/ssafy/pageon/auth/event/ProfileImageUploadEventHandler.java 파일 내에서 이미지 업로드 처리 로직이 추가되었습니다. 업로드된 이미지의 크기, 형식 등에 대한 제약 조건 확인 및 이에 따른 에러 처리 로직이 명확한지 검토해야 합니다.','MEDIUM','프로필 이미지 업로드와 관련된 비즈니스 로직 확인'),(13,5,'FavoritesBookService, FeedService, MagazineService, StoryService 파일에서 보안 관련 사항이 업데이트되었습니다. 특히 사용자 인증 및 데이터 접근에 대한 권한 부여 로직이 변경되었을 가능성이 높습니다. 각 서비스 파일에서 JWT 검증 및 권한 체크를 점검해야 합니다.','CRITICAL','보안 관련 로직 검토 필요'),(14,5,'FeedService, FavoriteBookService 파일의 비즈니스 로직이 변경되었습니다. 특히 데이터 처리 흐름이나 서비스 간의 상호작용 방식이 바뀌었을 수 있습니다. 특정 조건에서의 비즈니스 규칙이 어떻게 적용되는지를 파악하고, 엣지 케이스를 추가로 테스트해야 합니다.','HIGH','비즈니스 로직 변경 확인'),(15,5,'FeedService 및 MagazineService에서 데이터베이스와의 상호작용이 새로 추가되었습니다. 데이터 스키마와의 호환성 문제가 발생할 수 있으므로, 어떤 데이터를 저장하고 조회하는지를 확인하고 관련 스키마 변경이 필요한지 검토해야 합니다.','HIGH','데이터베이스 상호작용 검토'),(16,6,'src/main/java/com/ssafy/pageon/auth/jwt/JwtInterceptor.java 및 JwtArgumentResolver.java에서 JWT 토큰 처리 로직이 추가되었습니다. 권한 부여 및 인증 흐름에서의 보안 취약점이 발생할 수 있는지 확인해야 합니다. 특히, 토큰 검증 및 오류 처리 로직을 검토하여 비정상적인 요청에 대한 처리 방안이 적절한지 점검하십시오.','CRITICAL','JWT 토큰 처리 로직에 대한 보안 검토'),(17,6,'src/main/java/com/ssafy/pageon/auth/jwt/TokenBlacklistRepository.java에서 블랙리스트 처리 로직이 추가되었습니다. 데이터베이스의 스키마 변경이나 쿼리가 올바르게 작성되었는지, 기존 데이터와의 호환성에 문제는 없는지를 점검해야 합니다. 블랙리스트된 토큰의 기록 및 관리 방식이 적절한지 검토하십시오.','HIGH','TokenBlacklistRepository의 데이터베이스 연동 검토'),(18,6,'src/main/java/com/ssafy/pageon/auth/jwt/JwtTokenProvider.java에서 JWT 생성 및 검증 로직이 구현되었습니다. 비즈니스 로직의 변경으로 인해 특정 조건에서의 토큰 생성 및 검증의 엣지 케이스가 어떻게 처리되는지를 확인해야 합니다. 특히, 만료된 토큰이나 잘못된 토큰이 주어졌을 때의 처리 로직에 주의해야 합니다.','HIGH','JWT 환경설정 관련 비즈니스 로직 검토'),(19,7,'이 PR에서는 JWT 예외 처리와 관련된 여러 클래스가 추가되었습니다. 특히, 사용자 인증과 관련된 AccessDeniedException, ExpiredTokenException, InvalidTokenException의 구현이 포함되어 있습니다. 이러한 보안 관련 로직의 변경은 인증 및 권한 상승의 취약점을 초래할 수 있으므로, 충분한 테스트 및 검토가 필요합니다.','CRITICAL','JWT 관련 보안 예외 처리 클래스 추가'),(20,7,'JwtErrorCode 클래스가 추가되어 JWT 처리 시 발생할 수 있는 다양한 오류의 코드가 정의되었습니다. 이 오류 코드들이 적절하게 매핑되어 있는지, 그리고 이를 호출하는 기존 시스템과의 호환성 문제가 없는지 면밀히 검토해야 합니다.','HIGH','JWT 오류 코드 클래스 구현'),(21,7,'예외 처리에 대한 비즈니스 로직이 여러 클래스에서 구현되었습니다. 각각의 예외가 실제 시스템에서 어떻게 사용되는지에 대한 이해가 필요하며, 새로운 예외 처리 로직이 기존 로직과 충돌하지 않는지 검토해야 합니다.','MEDIUM','다양한 JWT 예외 클래스 추가에 따른 비즈니스 로직 영향'),(22,8,'src/main/java/com/ssafy/pageon/challenge/repository/ChallengeParticipationRepository.java 파일에서 새로운 레포지토리가 추가되었습니다. 이 변경이 데이터 무결성과 기존 데이터베이스 스키마에 미치는 영향을 확인해야 하며, 스키마 변경으로 인한 하위 호환성 문제를 철저히 검토해야 합니다.','HIGH','ChallengeParticipationRepository와 관련된 데이터베이스 변경 검토'),(23,8,'src/main/java/com/ssafy/pageon/challenge/repository/ChallengeRepositor.java 파일이 새로 추가되었습니다. 이 레포지토리의 메서드들이 비즈니스 로직과 어떻게 연결되는지, 특정 쿼리에서 어떤 동작을 하는지를 면밀히 검토해야 하며, 성능 문제나 데이터 처리 오류 가능성을 고려해야 합니다.','HIGH','ChallengeRepositor 레포지토리 검토'),(24,8,'src/main/java/com/ssafy/pageon/challenge/repository/ChallengeVerificationRepository.java 파일에서 새로운 레포지토리가 추가되었습니다. 이 레포지토리의 사용처 및 초기화 부분을 확인하여, 애플리케이션에서 예상되는 데이터 흐름과 통합이 제대로 이루어지고 있는지 검토해야 합니다.','MEDIUM','ChallengeVerificationRepository의 초기화 및 사용 검토'),(25,10,'src/main/java/com/ssafy/pageon/auth/exception/AuthErrorCode.java 파일에서 새로운 인증 오류 코드가 추가되었으며, 이로 인해 인증 관련 로직의 보안성에 영향을 미칠 수 있습니다. 오류 코드가 올바르게 처리되고 있는지, 예외 발생 시 민감한 정보가 노출되지 않는지를 확인해야 합니다.','CRITICAL','새로운 인증 오류 코드 추가로 인한 보안 영향 분석'),(26,10,'src/main/java/com/ssafy/pageon/auth/exception/UserInfoNotFoundException.java 파일에서 사용자 정보가 발견되지 않을 때의 예외 처리 로직이 추가되었습니다. 이 로직이 기존 시스템과 호환되는지, 적절한 예외 메시지를 반환하는지 확인하며, 로깅 및 모니터링이 적절하게 설정되어 있는지도 검토해야 합니다.','CRITICAL','사용자 정보 미발견 예외 처리 로직 검토'),(27,10,'이번 PR에서 추가된 예외 로직들이 기존의 오류 처리 시스템과 일관되게 설계되었는지에 대한 검토가 필요합니다. 새로운 오류 코드와 예외 처리 방식이 기존의 정책과 충돌하지 않는지를 확인하고, 다양한 예외 상황에 대해 테스트 커버리지가 충분한지 점검해야 합니다.','MEDIUM','오류 처리 시스템의 일관성 검토'),(28,12,'src/main/java/com/ssafy/pageon/feed/controller/FavoriteBookController.java, FeedController.java, MagazineController.java 파일의 추가로 비즈니스 로직이 포함되어 있습니다. 이들 컨트롤러가 어떻게 작동하는지, 특히 데이터 흐름과 상태 변화가 기존 비즈니스 로직과 충돌하지 않는지 체크해야 합니다. 엣지 케이스로는 유효하지 않은 입력에 대한 처리, 컨트롤러 간의 상호작용을 검토해야 합니다.','HIGH','새로운 피드 관련 컨트롤러 추가로 인한 비즈니스 로직 변화'),(29,12,'새롭게 추가된 Controller들에서 데이터베이스와의 상호작용이 포함되어 있습니다. 특히, FeedController에서의 데이터 삽입 및 조회 로직이 기존 DB 스키마와 호환성이 있는지, 데이터 무결성을 해치지 않는지 확인해야 합니다.','HIGH','데이터베이스와 연관된 새로운 API 엔드포인트'),(30,12,'src/main/java/com/ssafy/pageon/feed/controller/StoryController.java 파일에서는 테스트 관련 코드와 비즈니스 로직이 포함되어 있습니다. 기존 테스트 케이스가 새로운 로직을 적절하게 다루고 있는지 확인하고, 새로운 로직이 예상된 대로 작동하는지 검토해야 합니다.','MEDIUM','StoryController의 테스트 및 비즈니스 로직 포함'),(31,13,'src/main/java/com/ssafy/pageon/auth/service/KakaoApiClient.java와 src/main/java/com/ssafy/pageon/auth/service/KakaoAuthService.java 파일에서 보안 관련 로직이 추가되었습니다. JWT 생성 및 검증, 사용자 인증을 포함한 인증 관련 로직이 정확하게 구현되었는지, 예외 처리 및 토큰 유효성 검증이 제대로 이루어지는지를 철저히 검토해야 합니다.','CRITICAL','KakaoApiClient와 KakaoAuthService의 보안 관련 로직 검증'),(32,13,'KakaoApiClient.java 파일이 새로 추가되면서 카카오 API와의 통신 방식이 정의되었습니다. 해당 API의 응답 처리 로직 및 예외 처리가 비즈니스 로직 흐름에 미치는 영향을 검토해야 하며, 관련 API 문서와의 일관성을 유지하고 있는지를 확인해야 합니다.','HIGH','KakaoApiClient의 비즈니스 로직 및 API 변경 점 확인'),(33,13,'KakaoAuthService.java에서 구성 설정 관련 코드가 추가되었습니다. 보안 설정이 적절하게 구현되었는지, 인증 로직 간의 의존성 관리가 잘 되었는지를 확인해야 하며, 추가된 설정에 의한 영향도를 평가해야 합니다.','MEDIUM','KakaoAuthService의 구성 및 보안 로직 점검'),(34,14,'src/main/java/com/ssafy/pageon/challenge/repository/ChallengeParticipationRepository.java 파일에서 새로운 레포지토리가 추가되었습니다. 이 변경이 데이터 무결성과 기존 데이터베이스 스키마에 미치는 영향을 확인해야 하며, 스키마 변경으로 인한 하위 호환성 문제를 철저히 검토해야 합니다.','HIGH','ChallengeParticipationRepository와 관련된 데이터베이스 변경 검토'),(35,14,'src/main/java/com/ssafy/pageon/challenge/repository/ChallengeRepositor.java 파일이 새로 추가되었습니다. 이 레포지토리의 메서드들이 비즈니스 로직과 어떻게 연결되는지, 특정 쿼리에서 어떤 동작을 하는지를 면밀히 검토해야 하며, 성능 문제나 데이터 처리 오류 가능성을 고려해야 합니다.','HIGH','ChallengeRepositor 레포지토리 검토'),(36,14,'src/main/java/com/ssafy/pageon/challenge/repository/ChallengeVerificationRepository.java 파일에서 새로운 레포지토리가 추가되었습니다. 이 레포지토리의 사용처 및 초기화 부분을 확인하여, 애플리케이션에서 예상되는 데이터 흐름과 통합이 제대로 이루어지고 있는지 검토해야 합니다.','MEDIUM','ChallengeVerificationRepository의 초기화 및 사용 검토'),(37,15,'src/main/java/com/ssafy/pageon/auth/token/AuthToken.java 파일에서 새로운 인증 토큰 관련 로직이 추가되었습니다. 이 파일의 변경 사항이 인증 및 권한 부여와 어떻게 연관되는지 확인해야 하며, 특히 토큰의 생성을 안전하게 처리하고 있는지 점검해야 합니다.','CRITICAL','AuthToken 클래스 보안 검토'),(38,15,'src/main/java/com/ssafy/pageon/auth/token/AuthTokenGenerator.java 파일에서 새롭게 추가된 토큰 생성 로직이 있습니다. 이 로직이 난독화 또는 변조에 안전한지를 확인하고, 토큰의 유효성 및 만료 시간 설정 역시 올바른지 검토해야 합니다.','CRITICAL','AuthTokenGenerator 클래스의 토큰 생성 로직 검증'),(39,15,'위의 두 파일에서 추가된 인증 토큰 로직에 대해 충분한 테스트 케이스가 존재하는지 여부를 확인해야 합니다. 특히 비정상적인 입력값이나 경계 조건에서의 반응을 검증하는 테스트가 필요합니다.','HIGH','토큰 관련 테스트 케이스 확인'),(40,16,'피드 레파지터리 신규 구현 (FavoriteBookRepository, FeedRepository, MagazineRepository, StoryRepository)으로 인해 데이터베이스와의 상호작용 방식이 변경되었습니다. 이로 인해 데이터 무결성 및 쿼리 성능에 영향을 미칠 수 있으므로, 적절한 데이터 검증 로직과 성능 테스트가 필요합니다.','HIGH','피드 관련 레파지터리 추가에 따른 데이터 무결성 검토'),(41,16,'피드 레파지터리들이 추가됨에 따라 기존 API와의 연동 여부와 각 레파지터리에서 제공해야 하는 기능이 API 스펙에 명확하게 반영되어야 합니다. API 문서화 및 하위 호환성 테스트가 필요합니다.','HIGH','신규 레파지터리의 API 연동 확인 필요'),(42,16,'여러 피드 레파지터리가 추가됨에 따라 이들 간의 관계 및 의존성 관리가 중요해졌습니다. 각 레파지터리 간의 데이터 관계와 관련된 로직이 필요한 경우, 이를 명확히 문서화하고 중복되는 로직이 없는지 확인해야 합니다.','MEDIUM','피드 레파지터리 간의 관계 및 의존성 검토'),(43,17,'KakaoAuthController.java 파일에서 보안 관련 로직이 새로 추가되었습니다. 특히, 사용자의 인증 정보가 어떤 방식으로 처리되는지, 토큰 생성 및 검증 로직에 취약점이 없는지 확인해야 합니다.','CRITICAL','KakaoAuthController의 보안 인증 로직 검토'),(44,17,'KakaoAuthController.java에서 비즈니스 로직이 포함되어 있으며, 사용자의 인증 요청 처리 흐름이 어떻게 변경되었는지 상세히 검토해야 합니다. 특히, 특정 조건에서의 에러 핸들링 및 응답 코드 확인이 필요합니다.','HIGH','비즈니스 로직 변경 검토'),(45,17,'KakaoAuthController.java의 변화가 API 명세 및 데이터베이스 연동에 미치는 영향을 검토해야 합니다. 새로 추가된 엔드포인트가 기존의 API와 어떻게 호환되는지, 데이터 저장 및 조회가 올바르게 이루어지는지 점검할 필요가 있습니다.','HIGH','API 명세 및 데이터베이스 연동 확인'),(46,18,'src/main/java/com/ssafy/pageon/feed/mapper/FeedMapper.java 파일에 비즈니스 로직 관련 코드가 추가되었습니다. 피드 매핑 로직의 정확성을 검증하기 위해 다양한 입력값과 엣지 케이스에 대한 테스트가 필요합니다. 특히 비어 있는 입력이나 예상치 못한 형식의 데이터 처리가 적절히 이루어지는지 확인해야 합니다.','MEDIUM','피드 매퍼의 비즈니스 로직 리뷰'),(47,18,'FeedMapper.java에 구현된 비즈니스 로직에 대한 테스트 코드가 포함되어 있습니다. 해당 테스트가 실제 비즈니스 로직을 충분히 검증하고 있는지, 모든 주요 경로를 테스트하고 있는지 점검할 필요가 있습니다. 특히 테스트의 커버리지가 얼마나 되는지 확인해야 합니다.','MEDIUM','테스트 코드 관련 검토'),(48,18,'대규모 변경은 아니지만, 새로운 매퍼 로직을 추가함에 따라 구조적으로 기존의 코드베이스에 통합될 때 일관성을 유지해야 합니다. FeedMapper.java가 다른 피드 관련 모듈과 어떻게 연결되며, 실행 흐름에서의 영향력을 고려해야 합니다.','MEDIUM','전체적인 아키텍처 일관성 검토'),(49,19,'src/main/java/com/ssafy/pageon/challenge/controller/ChallengeController.java 파일에서 새로운 비즈니스 로직이 추가되었습니다. 데이터베이스와의 인터페이스 변경이 포함되어 있어, 철저한 검토가 필요합니다. 특히 데이터 일관성 및 사용자 요구사항에 대한 검증이 필요합니다.','HIGH','ChallengeController 파일의 비즈니스 로직 및 데이터베이스 영향 분석'),(50,19,'src/main/java/com/ssafy/pageon/challenge/controller/ChallengeParticipationController.java 파일에서도 비즈니스 로직이 추가되었습니다. 기존 데이터베이스 구조와의 호환성 및 API 응답 형식에 대한 검토가 중요하며, 테스트 케이스 작성이 필요합니다.','HIGH','ChallengeParticipationController에서의 데이터베이스 및 비즈니스 로직 통합 분석'),(51,19,'src/main/java/com/ssafy/pageon/challenge/controller/ChallengeVerificationController.java 파일의 추가된 로직이 기존 시스템에 부정적인 영향을 미치지 않는지 확인할 필요가 있습니다. 인증 및 검증 로직의 엣지 케이스를 충분히 다뤄야 합니다.','HIGH','ChallengeVerificationController의 비즈니스 로직 검증 필요'),(52,20,'src/main/java/com/ssafy/pageon/auth/jwt/JwtTokenProvider.java 파일에서 토큰 생성 로직이 변경되었습니다. 이 변경이 보안에 미치는 영향을 검토해야 하며, 특히 토큰의 유효성 검사 및 만료 처리 로직이 바뀌었는지를 확인해주세요.','CRITICAL','토큰 생성 로직 변경의 보안 검토'),(53,20,'해당 변경으로 인해 토큰 생성 과정의 유효성에 영향을 줄 수 있으므로 관련된 테스트 코드가 충실히 추가되었는지 확인해야 합니다. 기존의 엣지 케이스가 잘 처리되는지 살펴보세요.','MEDIUM','중간규모 변경에 따른 테스트 추가 필요성'),(54,20,'JwtTokenProvider의 인터페이스 변경 시 다른 모듈에서의 의존성 영향을 평가할 필요가 있습니다. 특히, 이 모듈을 사용하는 다른 서비스나 이벤트 리스너에서의 호환성을 점검해야 합니다.','MEDIUM','TokenProvider 인터페이스 변경 테스트 진행'),(55,21,'src/main/java/com/ssafy/pageon/auth/jwt/JwtTokenProvider.java 파일에서 JWT 토큰 생성 방식에 변경이 있습니다. 이 로직은 보안 인증과 관련이 깊으므로, 엣지 케이스로는 유효하지 않은 사용자 정보를 처리하는 경우와 만료된 토큰 사용 시의 예외 처리를 확인해야 합니다.','CRITICAL','JWT 토큰 생성 로직 수정'),(56,21,'토큰 생성에 대한 변경은 전체 인증 시스템에 영향을 미칠 수 있습니다. 기존의 인증 흐름과의 호환성을 위해 사용되는 모든 경로에서 엑세스 토큰이 잘 처리되고 있는지 확인할 필요가 있습니다.','HIGH','엑세스 토큰 관련 보안 점검'),(57,21,'토큰 생성 과정에서 발생할 수 있는 오류에 대한 처리 방법이 변경되지 않았다면, 이로 인해 인증 실패 시 적절한 오류 메시지를 사용자에게 제공하지 못할 수 있습니다. 관련된 부분에 대한 검토가 필요합니다.','MEDIUM','추가적인 에러 처리 및 로그'),(58,22,'src/main/java/com/ssafy/pageon/challenge/dto/AuthorResponse.java와 src/main/java/com/ssafy/pageon/challenge/dto/ChallengeVerificationResponse.java 파일이 새로 추가되었으며, 이들 파일은 보안 관련 정보를 다룹니다. 특히, 적절한 인증 및 권한 부여가 적용되었는지 검토해야 합니다.','CRITICAL','보안 관련 DTO 추가에 대한 위험 분석'),(59,22,'src/main/java/com/ssafy/pageon/challenge/dto/ChallengeRequest.java와 src/main/java/com/ssafy/pageon/challenge/dto/ChallengeResponse.java 파일이 비즈니스 로직 및 데이터 관련 변경을 포함하고 있습니다. 이들 파일의 변경으로 인한 데이터 무결성과 하위 호환성 문제가 발생할 수 있으므로, 해당 로직의 정확성을 검토할 필요가 있습니다.','HIGH','비즈니스 로직 및 데이터베이스 관련 변경 분석'),(60,22,'다수의 일반적인 코드 변경이 포함된 파일들이 추가되었습니다. 이는 시스템 전체적으로 코드 품질에 영향을 미칠 수 있으므로, 변경된 각 DTO의 구조와 사용 방식이 일관성이 있는지 확인해야 합니다.','MEDIUM','일반적인 코드 변경 및 자원 관리 분석'),(61,23,'src/main/java/com/ssafy/pageon/feed/exception/feed/DeleteNotAuthorizedException.java 파일에서 권한 부여 관련 예외 처리 로직이 추가되었습니다. 이 로직이 예상대로 작동하는지, 혹은 악용될 수 있는 여지가 없는지 확인해야 합니다.','CRITICAL','보안 관련 예외 처리 변경'),(62,23,'src/main/java/com/ssafy/pageon/feed/exception/feed/FavoriteBookRequiredBookException.java 파일에서 비즈니스 로직 오류 처리를 위한 새로운 예외가 도입되었습니다. 이 예외가 어떤 상황에서 발생하며 적절하게 처리되는지 검토해야 합니다.','HIGH','비즈니스 로직 관련 예외 처리 추가'),(63,23,'여러 개의 DTO 파일(src/main/java/com/ssafy/pageon/feed/dto/*)이 추가되었습니다. 이로 인해 기존 API의 데이터 흐름과 호환성 문제를 검토해야 하며, 특히 어떤 스키마 변화가 있는지 확인해야 합니다.','MEDIUM','DTO 구현에 따른 API 변경 검토'),(64,30,'src/main/java/com/ssafy/pageon/challenge/controller/ChallengeController.java 파일에서 비즈니스 로직이 수정되었습니다. 이 변경이 기존 기능에 미치는 영향을 분석하고, 엣지 케이스를 테스트해야 합니다.','HIGH','비즈니스 로직 변경 확인 필요'),(65,30,'src/main/java/com/ssafy/pageon/challenge/entity/ChallengeParticipation.java 및 src/main/java/com/ssafy/pageon/challenge/repository/ChallengeRepositor.java 파일에서 데이터베이스 관련 변경사항이 있습니다. 이들 변경이 데이터 무결성이나 하위 호환성에 미치는 영향을 검토해야 합니다.','HIGH','데이터베이스 연관 로직 검토 필요'),(66,30,'src/main/java/com/ssafy/pageon/challenge/dto/AuthorResponse.java에서 일반적인 코드 변경이 있었으며, 이 변경이 오류 해결에 기여했는지 확인해야 합니다. 예외 처리에 중점을 두고 검토해야 합니다.','MEDIUM','예외 처리 및 오류 해결 여부 점검'),(67,31,'src/main/java/com/ssafy/pageon/auth/jwt/exception 패키지에서 여러 보안 관련 예외 처리 파일들이 추가되었습니다. 이 파일들은 JWT 관련 토큰 검증 및 오류 처리를 포함하고 있으며, 애플리케이션의 인증 체계에 직접적인 영향을 미칩니다. 특히 InvalidTokenException 및 SignatureValidationFailedException과 같은 예외가 적절히 처리되지 않을 경우 보안 취약점으로 이어질 수 있으므로, 이들 파일에서 처리되는 로직을 면밀히 검토해야 합니다.','CRITICAL','보안 관련 예외 처리 파일 추가'),(68,31,'userInfoNotFoundException.java 파일이 추가되었습니다. 사용자의 정보를 찾지 못했을 경우 발생하는 예외로, 이 예외가 시스템의 비즈니스 로직과 어떻게 연결되는지 확인해야 합니다. 적절한 예외 처리가 없으면 사용자 경험에 부정적인 영향을 미칠 수 있습니다. 또한 이 예외와 연관된 호출 흐름 및 로직 검토가 필요합니다.','HIGH','사용자 정보 관련 예외 처리 추가'),(69,31,'src/main/java/com/ssafy/pageon/challenge/entity/ChallengeVerification 및 ChallengeParticipationRepository.java와 같은 데이터베이스 관련 파일들이 변경되었습니다. 데이터베이스 스키마와 API의 일관성을 검토해야 하며, 새로운 변경이 적용되었을 때 기존 데이터와의 호환성을 확인해야 합니다.','MEDIUM','Database 관련 엔티티 및 리포지토리 변경'),(70,32,'src/main/java/com/ssafy/pageon/feed/entity/Likes.java 파일이 추가되었습니다. 이는 데이터베이스 스키마에 영향을 미칠 수 있으며, 기존 데이터와의 호환성 검토가 필요합니다. 또한, Likes 엔티티의 필드와 제약 조건이 잘 정의되었는지 확인해야 합니다.','HIGH','Likes 엔티티 추가에 따른 데이터베이스 변경 검토'),(71,32,'src/main/java/com/ssafy/pageon/feed/service/LikesService.java 파일에서 비즈니스 로직이 추가되었습니다. Likes 엔티티를 다루는 로직의 유효성 검증, 에러 처리 및 트랜잭션 관리가 적절히 이루어졌는지 확인해야 하며, 특히 엣지 케이스에 대한 테스트를 검토해야 합니다.','HIGH','LikesService의 비즈니스 로직 변경 확인'),(72,32,'새로운 LikesService와 Likes 엔티티와 관련된 테스트 코드는 추가되지 않았습니다. 실제 서비스 통합이 문제없이 작동하는지 확인하기 위해 단위 테스트 및 통합 테스트 작성이 필요합니다.','MEDIUM','서비스 및 컨트롤러 통합 테스트 필요성 검토');
/*!40000 ALTER TABLE `priority` ENABLE KEYS */;
UNLOCK TABLES;

--
-- Table structure for table `priority_file`
--

DROP TABLE IF EXISTS `priority_file`;
/*!40101 SET @saved_cs_client     = @@character_set_client */;
/*!50503 SET character_set_client = utf8mb4 */;
CREATE TABLE `priority_file` (
  `id` bigint NOT NULL AUTO_INCREMENT,
  `priority_id` bigint DEFAULT NULL,
  `file_name` varchar(255) COLLATE utf8mb4_unicode_ci DEFAULT NULL,
  PRIMARY KEY (`id`),
  KEY `FKfg5daa5h1et2wyemlqx1a4u6m` (`priority_id`),
  CONSTRAINT `FKfg5daa5h1et2wyemlqx1a4u6m` FOREIGN KEY (`priority_id`) REFERENCES `priority` (`id`) ON DELETE CASCADE
) ENGINE=InnoDB AUTO_INCREMENT=218 DEFAULT CHARSET=utf8mb4 COLLATE=utf8mb4_unicode_ci;
/*!40101 SET character_set_client = @saved_cs_client */;

--
-- Dumping data for table `priority_file`
--

LOCK TABLES `priority_file` WRITE;
/*!40000 ALTER TABLE `priority_file` DISABLE KEYS */;
INSERT INTO `priority_file` VALUES (1,1,'src/main/java/com/ssafy/pageon/challenge/entity/Challenge.java'),(2,1,'src/main/java/com/ssafy/pageon/challenge/entity/ChallengeParticipation.java'),(3,1,'src/main/java/com/ssafy/pageon/challenge/entity/ChallengeType.java'),(4,2,'src/main/java/com/ssafy/pageon/challenge/entity/ChallengeParticipation.java'),(5,2,'src/main/java/com/ssafy/pageon/challenge/entity/ChallengeType.java'),(6,2,'src/main/java/com/ssafy/pageon/challenge/entity/ChallengeVertification.java'),(7,3,'src/main/java/com/ssafy/pageon/challenge/entity/HeadcountLimit.java'),(8,3,'src/main/java/com/ssafy/pageon/challenge/entity/Period.java'),(9,3,'src/main/java/com/ssafy/pageon/challenge/entity/ChallengeType.java'),(10,4,'src/main/java/com/ssafy/pageon/auth/dto/KakaoToken.java'),(11,4,'src/main/java/com/ssafy/pageon/auth/dto/LoginResponse.java'),(12,4,'src/main/java/com/ssafy/pageon/auth/dto/KakaoUserInfo.java'),(13,5,'src/main/java/com/ssafy/pageon/auth/dto/KakaoUserInfo.java'),(14,5,'src/main/java/com/ssafy/pageon/auth/dto/KakaoToken.java'),(15,5,'src/main/java/com/ssafy/pageon/auth/dto/LoginResponse.java'),(16,6,'src/main/java/com/ssafy/pageon/auth/dto/LoginResponse.java'),(17,6,'src/main/java/com/ssafy/pageon/auth/dto/KakaoToken.java'),(18,6,'src/main/java/com/ssafy/pageon/auth/dto/KakaoUserInfo.java'),(19,7,'src/main/java/com/ssafy/pageon/feed/entity/FavoriiteBook.java'),(20,7,'src/main/java/com/ssafy/pageon/feed/entity/Feed.java'),(21,7,'src/main/java/com/ssafy/pageon/feed/entity/Magazine.java'),(22,7,'src/main/java/com/ssafy/pageon/feed/entity/Story.java'),(23,8,'src/main/java/com/ssafy/pageon/feed/entity/Feed.java'),(24,8,'src/main/java/com/ssafy/pageon/feed/entity/Story.java'),(25,8,'src/main/java/com/ssafy/pageon/feed/entity/FavoriiteBook.java'),(26,8,'src/main/java/com/ssafy/pageon/feed/entity/Magazine.java'),(27,9,'src/main/java/com/ssafy/pageon/feed/entity/FavoriiteBook.java'),(28,9,'src/main/java/com/ssafy/pageon/feed/entity/Feed.java'),(29,9,'src/main/java/com/ssafy/pageon/feed/entity/Magazine.java'),(30,9,'src/main/java/com/ssafy/pageon/feed/entity/Story.java'),(31,10,'src/main/java/com/ssafy/pageon/auth/event/ProfileImageUploadEventHandler.java'),(32,10,'src/main/java/com/ssafy/pageon/auth/event/RegisteredEvent.java'),(33,11,'src/main/java/com/ssafy/pageon/auth/event/RegisteredEvent.java'),(34,11,'src/main/java/com/ssafy/pageon/auth/event/ProfileImageUploadEventHandler.java'),(35,12,'src/main/java/com/ssafy/pageon/auth/event/ProfileImageUploadEventHandler.java'),(36,12,'src/main/java/com/ssafy/pageon/auth/event/RegisteredEvent.java'),(37,13,'src/main/java/com/ssafy/pageon/feed/service/FavoriteBookService.java'),(38,13,'src/main/java/com/ssafy/pageon/feed/service/FeedService.java'),(39,13,'src/main/java/com/ssafy/pageon/feed/service/MagazineService.java'),(40,14,'src/main/java/com/ssafy/pageon/feed/service/FavoriteBookService.java'),(41,14,'src/main/java/com/ssafy/pageon/feed/service/FeedService.java'),(42,14,'src/main/java/com/ssafy/pageon/feed/service/MagazineService.java'),(43,15,'src/main/java/com/ssafy/pageon/feed/service/FeedService.java'),(44,15,'src/main/java/com/ssafy/pageon/feed/service/MagazineService.java'),(45,15,'src/main/java/com/ssafy/pageon/feed/service/FavoriteBookService.java'),(46,16,'src/main/java/com/ssafy/pageon/auth/jwt/JwtInterceptor.java'),(47,16,'src/main/java/com/ssafy/pageon/auth/jwt/JwtArgumentResolver.java'),(48,16,'src/main/java/com/ssafy/pageon/auth/jwt/AuthTokenParam.java'),(49,16,'src/main/java/com/ssafy/pageon/auth/jwt/JwtTokenProvider.java'),(50,16,'src/main/java/com/ssafy/pageon/auth/jwt/TokenBlacklistRepository.java'),(51,17,'src/main/java/com/ssafy/pageon/auth/jwt/TokenBlacklistRepository.java'),(52,17,'src/main/java/com/ssafy/pageon/auth/jwt/JwtTokenProvider.java'),(53,17,'src/main/java/com/ssafy/pageon/auth/jwt/JwtInterceptor.java'),(54,17,'src/main/java/com/ssafy/pageon/auth/jwt/JwtArgumentResolver.java'),(55,17,'src/main/java/com/ssafy/pageon/auth/jwt/AuthTokenParam.java'),(56,18,'src/main/java/com/ssafy/pageon/auth/jwt/JwtTokenProvider.java'),(57,18,'src/main/java/com/ssafy/pageon/auth/jwt/JwtArgumentResolver.java'),(58,18,'src/main/java/com/ssafy/pageon/auth/jwt/JwtInterceptor.java'),(59,18,'src/main/java/com/ssafy/pageon/auth/jwt/AuthTokenParam.java'),(60,18,'src/main/java/com/ssafy/pageon/auth/jwt/TokenBlacklistRepository.java'),(61,19,'src/main/java/com/ssafy/pageon/auth/jwt/exception/AccessDeniedException.java'),(62,19,'src/main/java/com/ssafy/pageon/auth/jwt/exception/ExpiredTokenException.java'),(63,19,'src/main/java/com/ssafy/pageon/auth/jwt/exception/InvalidTokenException.java'),(64,19,'src/main/java/com/ssafy/pageon/auth/jwt/exception/MissingTokenException.java'),(65,19,'src/main/java/com/ssafy/pageon/auth/jwt/exception/SignatureValidationFailedException.java'),(66,20,'src/main/java/com/ssafy/pageon/auth/jwt/exception/JwtErrorCode.java'),(67,20,'src/main/java/com/ssafy/pageon/auth/jwt/exception/MissingTokenException.java'),(68,20,'src/main/java/com/ssafy/pageon/auth/jwt/exception/UnsupportedTokenException.java'),(69,20,'src/main/java/com/ssafy/pageon/auth/jwt/exception/AccessDeniedException.java'),(70,20,'src/main/java/com/ssafy/pageon/auth/jwt/exception/ExpiredTokenException.java'),(71,21,'src/main/java/com/ssafy/pageon/auth/jwt/exception/AccessDeniedException.java'),(72,21,'src/main/java/com/ssafy/pageon/auth/jwt/exception/ExpiredTokenException.java'),(73,21,'src/main/java/com/ssafy/pageon/auth/jwt/exception/InvalidTokenException.java'),(74,21,'src/main/java/com/ssafy/pageon/auth/jwt/exception/MissingTokenException.java'),(75,21,'src/main/java/com/ssafy/pageon/auth/jwt/exception/UnsupportedTokenException.java'),(76,22,'src/main/java/com/ssafy/pageon/challenge/repository/ChallengeParticipationRepository.java'),(77,22,'src/main/java/com/ssafy/pageon/challenge/repository/ChallengeRepositor.java'),(78,22,'src/main/java/com/ssafy/pageon/challenge/repository/ChallengeVerificationRepository.java'),(79,23,'src/main/java/com/ssafy/pageon/challenge/repository/ChallengeRepositor.java'),(80,23,'src/main/java/com/ssafy/pageon/challenge/repository/ChallengeParticipationRepository.java'),(81,23,'src/main/java/com/ssafy/pageon/challenge/repository/ChallengeVerificationRepository.java'),(82,24,'src/main/java/com/ssafy/pageon/challenge/repository/ChallengeVerificationRepository.java'),(83,24,'src/main/java/com/ssafy/pageon/challenge/repository/ChallengeParticipationRepository.java'),(84,24,'src/main/java/com/ssafy/pageon/challenge/repository/ChallengeRepositor.java'),(85,25,'src/main/java/com/ssafy/pageon/auth/exception/AuthErrorCode.java'),(86,25,'src/main/java/com/ssafy/pageon/auth/exception/UserInfoNotFoundException.java'),(87,26,'src/main/java/com/ssafy/pageon/auth/exception/UserInfoNotFoundException.java'),(88,26,'src/main/java/com/ssafy/pageon/auth/exception/AuthErrorCode.java'),(89,27,'src/main/java/com/ssafy/pageon/auth/exception/AuthErrorCode.java'),(90,27,'src/main/java/com/ssafy/pageon/auth/exception/UserInfoNotFoundException.java'),(91,28,'src/main/java/com/ssafy/pageon/feed/controller/FavoriteBookController.java'),(92,28,'src/main/java/com/ssafy/pageon/feed/controller/FeedController.java'),(93,28,'src/main/java/com/ssafy/pageon/feed/controller/MagazineController.java'),(94,29,'src/main/java/com/ssafy/pageon/feed/controller/FavoriteBookController.java'),(95,29,'src/main/java/com/ssafy/pageon/feed/controller/FeedController.java'),(96,29,'src/main/java/com/ssafy/pageon/feed/controller/MagazineController.java'),(97,30,'src/main/java/com/ssafy/pageon/feed/controller/StoryController.java'),(98,30,'src/main/java/com/ssafy/pageon/feed/controller/FeedController.java'),(99,30,'src/main/java/com/ssafy/pageon/feed/controller/FavoriteBookController.java'),(100,30,'src/main/java/com/ssafy/pageon/feed/controller/MagazineController.java'),(101,31,'src/main/java/com/ssafy/pageon/auth/service/KakaoApiClient.java'),(102,31,'src/main/java/com/ssafy/pageon/auth/service/KakaoAuthService.java'),(103,32,'src/main/java/com/ssafy/pageon/auth/service/KakaoApiClient.java'),(104,32,'src/main/java/com/ssafy/pageon/auth/service/KakaoAuthService.java'),(105,33,'src/main/java/com/ssafy/pageon/auth/service/KakaoAuthService.java'),(106,33,'src/main/java/com/ssafy/pageon/auth/service/KakaoApiClient.java'),(107,34,'src/main/java/com/ssafy/pageon/challenge/repository/ChallengeParticipationRepository.java'),(108,34,'src/main/java/com/ssafy/pageon/challenge/repository/ChallengeRepositor.java'),(109,34,'src/main/java/com/ssafy/pageon/challenge/repository/ChallengeVerificationRepository.java'),(110,35,'src/main/java/com/ssafy/pageon/challenge/repository/ChallengeRepositor.java'),(111,35,'src/main/java/com/ssafy/pageon/challenge/repository/ChallengeParticipationRepository.java'),(112,35,'src/main/java/com/ssafy/pageon/challenge/repository/ChallengeVerificationRepository.java'),(113,36,'src/main/java/com/ssafy/pageon/challenge/repository/ChallengeVerificationRepository.java'),(114,36,'src/main/java/com/ssafy/pageon/challenge/repository/ChallengeParticipationRepository.java'),(115,36,'src/main/java/com/ssafy/pageon/challenge/repository/ChallengeRepositor.java'),(116,37,'src/main/java/com/ssafy/pageon/auth/token/AuthToken.java'),(117,37,'src/main/java/com/ssafy/pageon/auth/token/AuthTokenGenerator.java'),(118,38,'src/main/java/com/ssafy/pageon/auth/token/AuthTokenGenerator.java'),(119,38,'src/main/java/com/ssafy/pageon/auth/token/AuthToken.java'),(120,39,'src/main/java/com/ssafy/pageon/auth/token/AuthToken.java'),(121,39,'src/main/java/com/ssafy/pageon/auth/token/AuthTokenGenerator.java'),(122,40,'src/main/java/com/ssafy/pageon/feed/repository/FavoriteBookRepository.java'),(123,40,'src/main/java/com/ssafy/pageon/feed/repository/FeedRepository.java'),(124,40,'src/main/java/com/ssafy/pageon/feed/repository/MagazineRepository.java'),(125,40,'src/main/java/com/ssafy/pageon/feed/repository/StoryRepository.java'),(126,41,'src/main/java/com/ssafy/pageon/feed/repository/FavoriteBookRepository.java'),(127,41,'src/main/java/com/ssafy/pageon/feed/repository/FeedRepository.java'),(128,41,'src/main/java/com/ssafy/pageon/feed/repository/MagazineRepository.java'),(129,41,'src/main/java/com/ssafy/pageon/feed/repository/StoryRepository.java'),(130,42,'src/main/java/com/ssafy/pageon/feed/repository/FavoriteBookRepository.java'),(131,42,'src/main/java/com/ssafy/pageon/feed/repository/FeedRepository.java'),(132,42,'src/main/java/com/ssafy/pageon/feed/repository/MagazineRepository.java'),(133,42,'src/main/java/com/ssafy/pageon/feed/repository/StoryRepository.java'),(134,43,'src/main/java/com/ssafy/pageon/auth/controller/KakaoAuthController.java'),(135,44,'src/main/java/com/ssafy/pageon/auth/controller/KakaoAuthController.java'),(136,45,'src/main/java/com/ssafy/pageon/auth/controller/KakaoAuthController.java'),(137,46,'src/main/java/com/ssafy/pageon/feed/mapper/FeedMapper.java'),(138,47,'src/main/java/com/ssafy/pageon/feed/mapper/FeedMapper.java'),(139,48,'src/main/java/com/ssafy/pageon/feed/mapper/FeedMapper.java'),(140,49,'src/main/java/com/ssafy/pageon/challenge/controller/ChallengeController.java'),(141,49,'src/main/java/com/ssafy/pageon/challenge/controller/ChallengeVerificationController.java'),(142,49,'src/main/java/com/ssafy/pageon/challenge/controller/ChallengeParticipationController.java'),(143,50,'src/main/java/com/ssafy/pageon/challenge/controller/ChallengeParticipationController.java'),(144,50,'src/main/java/com/ssafy/pageon/challenge/controller/ChallengeVerificationController.java'),(145,50,'src/main/java/com/ssafy/pageon/challenge/controller/ChallengeController.java'),(146,51,'src/main/java/com/ssafy/pageon/challenge/controller/ChallengeVerificationController.java'),(147,51,'src/main/java/com/ssafy/pageon/challenge/controller/ChallengeParticipationController.java'),(148,51,'src/main/java/com/ssafy/pageon/challenge/controller/ChallengeController.java'),(149,52,'src/main/java/com/ssafy/pageon/auth/jwt/JwtTokenProvider.java'),(150,53,'src/main/java/com/ssafy/pageon/auth/jwt/JwtTokenProvider.java'),(151,54,'src/main/java/com/ssafy/pageon/auth/jwt/JwtTokenProvider.java'),(152,55,'src/main/java/com/ssafy/pageon/auth/jwt/JwtTokenProvider.java'),(153,56,'src/main/java/com/ssafy/pageon/auth/jwt/JwtTokenProvider.java'),(154,57,'src/main/java/com/ssafy/pageon/auth/jwt/JwtTokenProvider.java'),(155,58,'src/main/java/com/ssafy/pageon/challenge/dto/AuthorResponse.java'),(156,58,'src/main/java/com/ssafy/pageon/challenge/dto/ChallengeVerificationResponse.java'),(157,58,'src/main/java/com/ssafy/pageon/challenge/dto/ChallengeRequest.java'),(158,58,'src/main/java/com/ssafy/pageon/challenge/dto/ChallengeResponse.java'),(159,58,'src/main/java/com/ssafy/pageon/challenge/dto/ChallengeVerificationRequest.java'),(160,59,'src/main/java/com/ssafy/pageon/challenge/dto/ChallengeRequest.java'),(161,59,'src/main/java/com/ssafy/pageon/challenge/dto/ChallengeResponse.java'),(162,59,'src/main/java/com/ssafy/pageon/challenge/dto/ChallengeVerificationRequest.java'),(163,59,'src/main/java/com/ssafy/pageon/challenge/dto/ChallengeVerificationResponse.java'),(164,59,'src/main/java/com/ssafy/pageon/challenge/dto/ChallengeParticipationMemberResponse.java'),(165,60,'src/main/java/com/ssafy/pageon/challenge/dto/ChallengeParticipationMemberResponse.java'),(166,60,'src/main/java/com/ssafy/pageon/challenge/dto/ChallengeParticipationRequest.java'),(167,60,'src/main/java/com/ssafy/pageon/challenge/dto/ChallengeVerificationRequest.java'),(168,60,'src/main/java/com/ssafy/pageon/challenge/dto/CreatorResponse.java'),(169,61,'src/main/java/com/ssafy/pageon/feed/exception/feed/DeleteNotAuthorizedException.java'),(170,61,'src/main/java/com/ssafy/pageon/feed/exception/feed/FeedErrorCode.java'),(171,61,'src/main/java/com/ssafy/pageon/feed/dto/CreateMagazineRequest.java'),(172,61,'src/main/java/com/ssafy/pageon/feed/dto/CreateFeedRequest.java'),(173,61,'src/main/java/com/ssafy/pageon/feed/dto/CreateStoryRequest.java'),(174,62,'src/main/java/com/ssafy/pageon/feed/exception/feed/FavoriteBookRequiredBookException.java'),(175,62,'src/main/java/com/ssafy/pageon/feed/exception/feed/DeleteNotAuthorizedException.java'),(176,62,'src/main/java/com/ssafy/pageon/feed/dto/CreateMagazineRequest.java'),(177,62,'src/main/java/com/ssafy/pageon/feed/exception/feed/FeedErrorCode.java'),(178,62,'src/main/java/com/ssafy/pageon/feed/dto/CreateFeedRequest.java'),(179,63,'src/main/java/com/ssafy/pageon/feed/dto/CreateFavoriteBookRequest.java'),(180,63,'src/main/java/com/ssafy/pageon/feed/dto/CreateFeedRequest.java'),(181,63,'src/main/java/com/ssafy/pageon/feed/dto/CreateMagazineRequest.java'),(182,63,'src/main/java/com/ssafy/pageon/feed/dto/CreateStoryRequest.java'),(183,64,'src/main/java/com/ssafy/pageon/challenge/controller/ChallengeController.java'),(184,64,'src/main/java/com/ssafy/pageon/challenge/controller/ChallengeParticipationController.java'),(185,64,'src/main/java/com/ssafy/pageon/challenge/service/ChallengeService.java'),(186,64,'src/main/java/com/ssafy/pageon/challenge/service/ChallengeVerificationService.java'),(187,64,'src/main/java/com/ssafy/pageon/challenge/dto/AuthorResponse.java'),(188,65,'src/main/java/com/ssafy/pageon/challenge/entity/ChallengeParticipation.java'),(189,65,'src/main/java/com/ssafy/pageon/challenge/entity/ChallengeVerification.java'),(190,65,'src/main/java/com/ssafy/pageon/challenge/repository/ChallengeRepositor.java'),(191,65,'src/main/java/com/ssafy/pageon/challenge/repository/ChallengeVerificationRepository.java'),(192,65,'src/main/java/com/ssafy/pageon/challenge/dto/ChallengeResponse.java'),(193,66,'src/main/java/com/ssafy/pageon/challenge/dto/AuthorResponse.java'),(194,66,'src/main/java/com/ssafy/pageon/challenge/controller/ChallengeParticipationController.java'),(195,66,'src/main/java/com/ssafy/pageon/challenge/service/ChallengeVerificationService.java'),(196,66,'src/main/java/com/ssafy/pageon/challenge/service/ChallengeService.java'),(197,66,'src/main/java/com/ssafy/pageon/challenge/repository/ChallengeRepositor.java'),(198,67,'src/main/java/com/ssafy/pageon/auth/jwt/exception/InvalidTokenException.java'),(199,67,'src/main/java/com/ssafy/pageon/auth/jwt/exception/SignatureValidationFailedException.java'),(200,67,'src/main/java/com/ssafy/pageon/auth/jwt/exception/MissingTokenException.java'),(201,67,'src/main/java/com/ssafy/pageon/auth/jwt/exception/ExpiredTokenException.java'),(202,67,'src/main/java/com/ssafy/pageon/auth/jwt/exception/AccessDeniedException.java'),(203,68,'src/main/java/com/ssafy/pageon/auth/exception/UserInfoNotFoundException.java'),(204,68,'src/main/java/com/ssafy/pageon/auth/event/RegisteredEvent.java'),(205,68,'src/main/java/com/ssafy/pageon/auth/event/ProfileImageUploadEventHandler.java'),(206,68,'src/main/java/com/ssafy/pageon/auth/exception/AuthErrorCode.java'),(207,68,'src/main/java/com/ssafy/pageon/auth/jwt/exception/JwtErrorCode.java'),(208,69,'src/main/java/com/ssafy/pageon/challenge/repository/ChallengeParticipationRepository.java'),(209,69,'src/main/java/com/ssafy/pageon/challenge/repository/ChallengeRepositor.java'),(210,69,'src/main/java/com/ssafy/pageon/auth/service/KakaoApiClient.java'),(211,69,'src/main/java/com/ssafy/pageon/feed/controller/FavoriteBookController.java'),(212,70,'src/main/java/com/ssafy/pageon/feed/entity/Likes.java'),(213,70,'src/main/java/com/ssafy/pageon/feed/service/LikesService.java'),(214,71,'src/main/java/com/ssafy/pageon/feed/service/LikesService.java'),(215,71,'src/main/java/com/ssafy/pageon/feed/entity/Likes.java'),(216,72,'src/main/java/com/ssafy/pageon/feed/service/LikesService.java'),(217,72,'src/main/java/com/ssafy/pageon/feed/entity/Likes.java');
/*!40000 ALTER TABLE `priority_file` ENABLE KEYS */;
UNLOCK TABLES;

--
-- Table structure for table `pull_request`
--

DROP TABLE IF EXISTS `pull_request`;
/*!40101 SET @saved_cs_client     = @@character_set_client */;
/*!50503 SET character_set_client = utf8mb4 */;
CREATE TABLE `pull_request` (
  `approve_cnt` int NOT NULL,
  `changed_files_cnt` int DEFAULT NULL,
  `comment_cnt` int DEFAULT NULL,
  `commit_cnt` int DEFAULT NULL,
  `github_pr_number` int DEFAULT NULL,
  `mergeable` bit(1) NOT NULL,
  `merged` bit(1) NOT NULL,
  `review_comment_cnt` int DEFAULT NULL,
  `created_at` datetime(6) NOT NULL,
  `github_created_at` datetime(6) DEFAULT NULL,
  `github_id` bigint DEFAULT NULL,
  `github_updated_at` datetime(6) DEFAULT NULL,
  `id` bigint NOT NULL AUTO_INCREMENT,
  `modified_at` datetime(6) NOT NULL,
  `repo_id` bigint DEFAULT NULL,
  `user_id` bigint DEFAULT NULL,
  `base` varchar(255) COLLATE utf8mb4_unicode_ci NOT NULL,
  `body` text COLLATE utf8mb4_unicode_ci,
  `commit_sha` varchar(255) COLLATE utf8mb4_unicode_ci DEFAULT NULL,
  `diff_url` varchar(255) COLLATE utf8mb4_unicode_ci DEFAULT NULL,
  `head` varchar(255) COLLATE utf8mb4_unicode_ci NOT NULL,
  `html_url` varchar(255) COLLATE utf8mb4_unicode_ci DEFAULT NULL,
  `issue_url` varchar(255) COLLATE utf8mb4_unicode_ci DEFAULT NULL,
  `patch_url` varchar(255) COLLATE utf8mb4_unicode_ci DEFAULT NULL,
  `summary` text COLLATE utf8mb4_unicode_ci,
  `title` varchar(255) COLLATE utf8mb4_unicode_ci NOT NULL,
  `state` enum('CLOSED','MERGED','OPEN') COLLATE utf8mb4_unicode_ci NOT NULL,
  PRIMARY KEY (`id`),
  KEY `FKm3qh1fx6ay5vlfcpdl36rq1o1` (`user_id`),
  KEY `FKj3ihkmy34wxvwetsqiifnlk8m` (`repo_id`),
  CONSTRAINT `FKj3ihkmy34wxvwetsqiifnlk8m` FOREIGN KEY (`repo_id`) REFERENCES `repository` (`id`) ON DELETE CASCADE,
  CONSTRAINT `FKm3qh1fx6ay5vlfcpdl36rq1o1` FOREIGN KEY (`user_id`) REFERENCES `users` (`id`)
) ENGINE=InnoDB AUTO_INCREMENT=33 DEFAULT CHARSET=utf8mb4 COLLATE=utf8mb4_unicode_ci;
/*!40101 SET character_set_client = @saved_cs_client */;

--
-- Dumping data for table `pull_request`
--

LOCK TABLES `pull_request` WRITE;
/*!40000 ALTER TABLE `pull_request` DISABLE KEYS */;
INSERT INTO `pull_request` VALUES (0,6,0,1,1,_binary '',_binary '\0',0,'2025-08-16 23:08:52.165864','2025-08-17 08:08:49.000000',2750501256,'2025-08-17 08:08:49.000000',1,'2025-08-16 23:15:40.968392',1,2,'develop','## PR 유형\n- [ ] 기능 추가\n- [ ] 기능 삭제\n- [ ] 버그 수정\n- [ ] 리팩토링\n- [ ] 의존성, 환경 변수, 빌드 관련 코드 업데이트\n\n## 작업 내용 및 변경 사항\nChallenge 엔티티 및 관련 클래스 생성\n\n## 참고사항\n참고사항. 없을 시 삭제',NULL,'https://github.com/ottereview/PageOn/pull/1.diff','BE/feature/challenge-entity','https://github.com/ottereview/PageOn/pull/1','https://api.github.com/repos/ottereview/PageOn/issues/1','https://github.com/ottereview/PageOn/pull/1.patch','이 PR은 Challenge 엔티티와 관련 클래스들을 생성하여 기능을 확장합니다. 주요 변경사항으로 Challenge, ChallengeParticipation, ChallengeVerification 클래스를 추가하고, Member와의 1대다 관계 매핑 및 성능 향상을 위한 인덱스 애노테이션을 적용하였습니다. 이를 통해 챌린지 관리 기능이 강화되고 데이터 쿼리 성능이 개선될 것으로 기대됩니다.','[FEATURE]: Challenge 엔티티 및 관련 클래스 생성','MERGED'),(0,3,0,1,2,_binary '',_binary '\0',0,'2025-08-16 23:13:36.996871','2025-08-17 08:13:34.000000',2750503847,'2025-08-17 08:13:34.000000',2,'2025-08-16 23:20:38.172701',1,7,'develop','## PR 유형\n- [x] 기능 추가\n- [ ] 기능 삭제\n- [ ] 버그 수정\n- [ ] 리팩토링\n- [ ] 의존성, 환경 변수, 빌드 관련 코드 업데이트\n\n## 작업 내용 및 변경 사항\nauth kakao dto 작업',NULL,'https://github.com/ottereview/PageOn/pull/2.diff','feature/auth-dto','https://github.com/ottereview/PageOn/pull/2','https://api.github.com/repos/ottereview/PageOn/issues/2','https://github.com/ottereview/PageOn/pull/2.patch','이 PR은 카카오 인증을 위한 DTO(Data Transfer Object)를 구현하여 사용자 인증 로직을 개선합니다. 주요 변경사항으로 카카오 토큰, 로그인 응답, 사용자 정보를 담는 DTO 클래스를 추가하였으며, 이를 통해 카카오 API와의 원활한 데이터 전송이 가능해집니다. 이로 인해 사용자 인증 과정이 보다 효율적이고 체계적으로 진행될 것으로 기대됩니다.','[FEATURE]: 카카오 인증 DTO 구현','MERGED'),(0,6,0,6,3,_binary '',_binary '\0',0,'2025-08-16 23:20:21.833895','2025-08-17 08:20:19.000000',2750508768,'2025-08-17 08:20:19.000000',3,'2025-08-16 23:21:57.015802',1,1,'develop','Feed, Story, FavoriteBook 엔티티 추가',NULL,'https://github.com/ottereview/PageOn/pull/3.diff','feature/feed-entity','https://github.com/ottereview/PageOn/pull/3','https://api.github.com/repos/ottereview/PageOn/issues/3','https://github.com/ottereview/PageOn/pull/3.patch','이 PR은 Feed, Story, FavoriteBook 엔티티를 추가하여 관련 기능을 확장합니다. 주요 변경사항으로 Feed, Story, FavoriteBook 엔티티를 각각 정의하였으며, 이를 통해 사용자가 피드를 작성하고 책 내용을 즐길 수 있는 기반을 마련합니다. 이러한 변경은 사용자 경험을 향상시키고, 시스템의 확장성을 높이는 긍정적인 효과를 기대합니다.','[FEATURE]: Feed, Story, FavoriteBook 엔티티 추가','MERGED'),(0,2,0,1,4,_binary '',_binary '\0',0,'2025-08-16 23:24:29.916286','2025-08-17 08:24:27.000000',2750510924,'2025-08-17 08:24:27.000000',4,'2025-08-16 23:31:41.908019',1,7,'develop','## PR 유형\n- [x] 기능 추가\n- [ ] 기능 삭제\n- [ ] 버그 수정\n- [ ] 리팩토링\n- [ ] 의존성, 환경 변수, 빌드 관련 코드 업데이트\n\n## 작업 내용 및 변경 사항\n프로필 이미지 업로드 이벤트 기능 구현',NULL,'https://github.com/ottereview/PageOn/pull/4.diff','feature/auth-event','https://github.com/ottereview/PageOn/pull/4','https://api.github.com/repos/ottereview/PageOn/issues/4','https://github.com/ottereview/PageOn/pull/4.patch','이 PR은 프로필 이미지 업로드 이벤트 기능을 구현하여 사용자 경험을 개선합니다. 주요 변경사항으로 `ProfileImageUploadEventHandler` 클래스를 추가하여 이미지 다운로드 및 S3 저장 기능을 처리하도록 하였으며, 이를 통해 사용자가 프로필 이미지를 쉽게 업로드할 수 있게 됩니다.','[FEATURE]: 프로필 이미지 업로드 이벤트 기능 구현','MERGED'),(0,4,0,4,5,_binary '',_binary '\0',0,'2025-08-16 23:27:10.806589','2025-08-17 08:27:08.000000',2750512316,'2025-08-17 08:27:08.000000',5,'2025-08-16 23:31:19.761796',1,1,'develop','Story 및 Feed 서비스 구현',NULL,'https://github.com/ottereview/PageOn/pull/5.diff','feature/feed-service','https://github.com/ottereview/PageOn/pull/5','https://api.github.com/repos/ottereview/PageOn/issues/5','https://github.com/ottereview/PageOn/pull/5.patch','이 PR은 Story 및 Feed 서비스를 구현하여 사용자에게 다양한 피드를 제공합니다. 주요 변경사항으로 좋아요 로직을 추가하여 사용자가 자신의 피드에 좋아요를 누를 수 있는 기능을 도입했습니다. 이를 통해 사용자 경험을 향상시키고, 피드의 상호작용성을 높일 것으로 기대됩니다.','[FEATURE]: Story 및 Feed 서비스 구현','MERGED'),(0,5,0,1,6,_binary '',_binary '\0',0,'2025-08-16 23:27:46.970563','2025-08-17 08:27:44.000000',2750512640,'2025-08-17 08:27:44.000000',6,'2025-08-16 23:30:14.992008',1,7,'develop','## PR 유형\n- [x] 기능 추가\n- [ ] 기능 삭제\n- [ ] 버그 수정\n- [ ] 리팩토링\n- [ ] 의존성, 환경 변수, 빌드 관련 코드 업데이트\n\n## 작업 내용 및 변경 사항\n[FEATURE]: JWT 환경설정 구현 및 설계 추가',NULL,'https://github.com/ottereview/PageOn/pull/6.diff','feature/auth-jwt','https://github.com/ottereview/PageOn/pull/6','https://api.github.com/repos/ottereview/PageOn/issues/6','https://github.com/ottereview/PageOn/pull/6.patch','이 PR은 JWT 기반의 인증 기능을 구현하여 보안을 강화합니다. 주요 변경사항으로 JWT 토큰 생성 및 검증 로직을 포함한 JwtTokenProvider 클래스를 추가하였으며, 이를 통해 사용자의 인증 정보를 안전하게 관리할 수 있게 됩니다. 이로 인해 어플리케이션의 인증 과정이 더욱 견고해질 것으로 기대됩니다.','[FEATURE]: JWT 환경설정 구현 및 설계 추가','MERGED'),(0,7,0,1,7,_binary '',_binary '\0',0,'2025-08-16 23:32:59.946848','2025-08-17 08:32:57.000000',2750515817,'2025-08-17 08:32:57.000000',7,'2025-08-16 23:36:43.573876',1,7,'develop','## PR 유형\n- [x] 기능 추가\n- [ ] 기능 삭제\n- [ ] 버그 수정\n- [ ] 리팩토링\n- [ ] 의존성, 환경 변수, 빌드 관련 코드 업데이트\n\n## 작업 내용 및 변경 사항\n[FEATURE]: JWT 예외 처리 기능 구현',NULL,'https://github.com/ottereview/PageOn/pull/7.diff','feature/auth-jwt-exception','https://github.com/ottereview/PageOn/pull/7','https://api.github.com/repos/ottereview/PageOn/issues/7','https://github.com/ottereview/PageOn/pull/7.patch','이 PR은 JWT 예외 처리 기능을 구현하여 인증 과정의 안정성을 높이고자 합니다. 주요 변경사항으로 JWT와 관련된 다양한 오류 코드 및 예외 클래스를 추가하였으며, 이를 통해 보다 명확하고 일관된 예외 처리가 가능해집니다.','[FEATURE]: JWT 예외 처리 기능 구현','MERGED'),(0,4,0,1,8,_binary '',_binary '\0',0,'2025-08-16 23:35:14.382859','2025-08-17 08:35:11.000000',2750517119,'2025-08-17 08:35:11.000000',8,'2025-08-16 23:37:15.077885',1,2,'develop','## PR 유형\n- [ ] 기능 추가\n- [ ] 기능 삭제\n- [ ] 버그 수정\n- [ ] 리팩토링\n- [ ] 의존성, 환경 변수, 빌드 관련 코드 업데이트\n\n## 작업 내용 및 변경 사항\n작업 내용 및 변경사항 작성\n\n## 이슈 링크\nclose #이슈번호\n\n## 참고사항\n참고사항. 없을 시 삭제',NULL,'https://github.com/ottereview/PageOn/pull/8.diff','feature/challenge-repository','https://github.com/ottereview/PageOn/pull/8','https://api.github.com/repos/ottereview/PageOn/issues/8','https://github.com/ottereview/PageOn/pull/8.patch','이 PR은 챌린지 리포지토리에 관련된 인터페이스를 생성하는 기능 추가를 포함합니다. 주요 변경사항으로는 `ChallengeParticipationRepository`, `ChallengeVerificationRepository`, `ChallengeRepository` 인터페이스가 새롭게 정의되어 챌린지 참여와 검증을 위한 데이터 접근 기능이 추가되었습니다. 이를 통해 챌린지 관련 데이터 처리가 간편해지고, 코드의 유지보수성이 향상될 것으로 기대됩니다.','[FEATURE]: 챌린지 리포지토리와 관련된 인터페이스 생성','MERGED'),(0,2,0,1,10,_binary '',_binary '\0',0,'2025-08-16 23:36:31.878762','2025-08-17 08:36:29.000000',2750517820,'2025-08-17 08:36:29.000000',10,'2025-08-16 23:44:55.577563',1,7,'develop','## PR 유형\n- [x] 기능 추가\n- [ ] 기능 삭제\n- [ ] 버그 수정\n- [ ] 리팩토링\n- [ ] 의존성, 환경 변수, 빌드 관련 코드 업데이트\n\n## 작업 내용 및 변경 사항\n',NULL,'https://github.com/ottereview/PageOn/pull/10.diff','feature/auth-exception','https://github.com/ottereview/PageOn/pull/10','https://api.github.com/repos/ottereview/PageOn/issues/10','https://github.com/ottereview/PageOn/pull/10.patch','이 PR은 사용자 정보 미발견에 대한 예외 처리 로직을 구현하여 안정성을 높입니다. 주요 변경사항으로 `AuthErrorCode` 열거형과 `UserInfoNotFoundException` 클래스를 추가하여, 사용자 정보를 찾을 수 없을 때 적절한 오류 메시지를 제공하도록 구성하였습니다. 이로 인해 예외 상황에서의 시스템 응답이 더욱 명확해지고, 사용자 경험이 개선될 것으로 기대됩니다.','[FEATURE]: 예외 처리 로직 구현','MERGED'),(0,4,0,4,12,_binary '',_binary '\0',0,'2025-08-16 23:42:47.940293','2025-08-17 08:42:45.000000',2750521140,'2025-08-17 08:42:45.000000',12,'2025-08-16 23:46:13.183687',1,1,'develop','피드, 인생책, 매거진, 스토리 컨트롤러 구현',NULL,'https://github.com/ottereview/PageOn/pull/12.diff','feature/feed-controller','https://github.com/ottereview/PageOn/pull/12','https://api.github.com/repos/ottereview/PageOn/issues/12','https://github.com/ottereview/PageOn/pull/12.patch','이 PR은 피드, 인생책, 매거진, 스토리 관련 API 컨트롤러를 구현하여 기능을 추가합니다. 주요 변경사항으로 각각의 컨트롤러를 생성하고, 피드 목록 조회, 인생책 수정, 매거진 및 스토리 조회 기능을 포함하여 다양한 CRUD 작업을 지원합니다. 이를 통해 사용자들이 보다 쉽게 컨텐츠를 생성하고 관리할 수 있는 환경을 제공합니다.','[FEATURE]: 피드, 인생책, 매거진, 스토리 컨트롤러 구현','MERGED'),(0,2,0,1,13,_binary '',_binary '\0',0,'2025-08-16 23:44:40.171997','2025-08-17 08:44:37.000000',2750522129,'2025-08-17 08:44:37.000000',13,'2025-08-16 23:50:15.175373',1,7,'develop','[FEATURE]: Kakao 인증 서비스 구현',NULL,'https://github.com/ottereview/PageOn/pull/13.diff','feature/auth-service','https://github.com/ottereview/PageOn/pull/13','https://api.github.com/repos/ottereview/PageOn/issues/13','https://github.com/ottereview/PageOn/pull/13.patch','이 PR은 카카오 인증 서비스를 구현하여 사용자 인증 기능을 추가합니다. 주요 변경사항으로 KakaoAuthService와 KakaoApiClient 클래스를 새로 생성하여 카카오 로그인 및 로그아웃 기능을 지원하게 되었으며, 이를 통해 사용자는 카카오 계정을 통해 쉽게 로그인하고 인증할 수 있습니다.','[FEATURE]: Kakao 인증 서비스 구현','MERGED'),(0,4,0,1,14,_binary '',_binary '\0',0,'2025-08-16 23:47:46.112195','2025-08-17 08:47:43.000000',2750523836,'2025-08-17 08:47:43.000000',14,'2025-08-16 23:52:07.472184',1,2,'develop','## PR 유형\n- [ ] 기능 추가\n- [ ] 기능 삭제\n- [ ] 버그 수정\n- [ ] 리팩토링\n- [ ] 의존성, 환경 변수, 빌드 관련 코드 업데이트\n\n## 작업 내용 및 변경 사항\n챌린지 리포지토리와 관련된 인터페이스 생성\n\n\n## 참고사항\n참고사항. 없을 시 삭제',NULL,'https://github.com/ottereview/PageOn/pull/14.diff','feature/challenge-repository','https://github.com/ottereview/PageOn/pull/14','https://api.github.com/repos/ottereview/PageOn/issues/14','https://github.com/ottereview/PageOn/pull/14.patch','이 PR은 챌린지 리포지토리와 관련된 여러 서비스 인터페이스를 생성하여 기능을 확장합니다. 주요 변경사항으로 ChallengeService, ChallengeVerificationService, ChallengeParticipationService 및 ChallengeRewardService가 추가되어 챌린지 생성, 참가 및 검증 등의 로직을 처리할 수 있게 되었습니다. 이를 통해 사용자는 챌린지 관련 기능을 보다 원활하게 이용할 수 있게 됩니다.','[FEATURE]: 챌린지 리포지토리와 관련된 인터페이스 생성','MERGED'),(0,2,0,1,15,_binary '',_binary '\0',0,'2025-08-16 23:48:37.021841','2025-08-17 08:48:34.000000',2750524295,'2025-08-17 08:48:34.000000',15,'2025-08-16 23:52:51.683141',1,7,'develop','[FEATURE]: 인증 토큰 생성 및 처리 로직 추가',NULL,'https://github.com/ottereview/PageOn/pull/15.diff','feature/auth-token','https://github.com/ottereview/PageOn/pull/15','https://api.github.com/repos/ottereview/PageOn/issues/15','https://github.com/ottereview/PageOn/pull/15.patch','이 PR은 인증 토큰 생성 및 처리 로직을 추가하여 사용자 인증 기능을 향상시킵니다. 주요 변경사항으로는 `AuthToken` 클래스와 `AuthTokenGenerator` 클래스를 구현하여 액세스 토큰과 리프레시 토큰을 생성할 수 있는 기능을 추가했습니다. 이를 통해 보다 안전하고 효율적인 사용자 인증 시스템이 구축될 것으로 기대됩니다.','[FEATURE]: 인증 토큰 생성 및 처리 로직 추가','MERGED'),(0,4,0,4,16,_binary '',_binary '\0',0,'2025-08-16 23:48:52.867580','2025-08-17 08:48:50.000000',2750524435,'2025-08-17 08:48:50.000000',16,'2025-08-16 23:52:27.837396',1,1,'develop','피드 관련 레파지토리 구현',NULL,'https://github.com/ottereview/PageOn/pull/16.diff','feature/feed-repository','https://github.com/ottereview/PageOn/pull/16','https://api.github.com/repos/ottereview/PageOn/issues/16','https://github.com/ottereview/PageOn/pull/16.patch','이 PR은 피드 관련 레파지토리를 구현하여 새로운 기능을 추가합니다. 주요 변경사항으로 FavoriteBookRepository, FeedRepository, MagazineRepository, StoryRepository를 새로 생성하였으며, 이를 통해 사용자별 피드 및 관련 데이터를 효율적으로 관리할 수 있습니다. 이로 인해 사용자 경험이 향상되고 피드 관련 기능 확장이 용이해질 것입니다.','[FEATURE]: 피드 관련 레파지토리 구현','MERGED'),(0,1,0,1,17,_binary '',_binary '\0',0,'2025-08-16 23:55:04.699007','2025-08-17 08:55:02.000000',2750528179,'2025-08-17 08:55:02.000000',17,'2025-08-16 23:55:04.713575',1,7,'develop','## PR 유형\n- [x] 기능 추가\n- [ ] 기능 삭제\n- [ ] 버그 수정\n- [ ] 리팩토링\n- [ ] 의존성, 환경 변수, 빌드 관련 코드 업데이트\n\n## 작업 내용 및 변경 사항\n',NULL,'https://github.com/ottereview/PageOn/pull/17.diff','feature/auth-controller','https://github.com/ottereview/PageOn/pull/17','https://api.github.com/repos/ottereview/PageOn/issues/17','https://github.com/ottereview/PageOn/pull/17.patch','이 PR은 카카오 인증 기능을 위한 컨트롤러를 구현하여 로그인 및 로그아웃 기능을 추가합니다. 주요 변경사항으로 `/api/auth/login`, `/api/auth/login/oauth/kakao`, `/api/auth/logout` 경로에 대한 처리 메서드를 새로 정의하였으며, 이를 통해 카카오 로그인을 쉽게 지원할 수 있게 됩니다. 이로 인해 사용자 인증 과정이 간편해지고, 카카오 계정을 통한 로그인 경험이 향상될 것으로 기대됩니다.','[FEATURE]: 카카오 인증 컨트롤러 구현','OPEN'),(0,1,0,1,18,_binary '',_binary '\0',0,'2025-08-16 23:57:32.329675','2025-08-17 08:57:29.000000',2750529715,'2025-08-17 08:57:29.000000',18,'2025-08-17 15:01:16.077834',1,1,'develop','피드 매퍼 기능 구현',NULL,'https://github.com/ottereview/PageOn/pull/18.diff','feature/add-feed-mapper','https://github.com/ottereview/PageOn/pull/18','https://api.github.com/repos/ottereview/PageOn/issues/18','https://github.com/ottereview/PageOn/pull/18.patch','이 PR은 피드 매퍼 기능을 구현하여 엔티티와 DTO 간의 변환을 지원합니다. 주요 변경사항으로 FeedMapper 클래스를 생성하고, 엔티티를 DTO로 변환하는 메서드와 DTO를 엔티티로 변환하는 메서드를 추가했습니다. 이를 통해 피드 관련 요청처리의 효율성을 높이고 코드의 가독성을 개선할 수 있습니다.','[FEATURE]: 피드 매퍼 기능 구현','MERGED'),(0,3,0,1,19,_binary '',_binary '\0',0,'2025-08-16 23:58:36.472187','2025-08-17 08:58:33.000000',2750530610,'2025-08-17 08:58:33.000000',19,'2025-08-17 14:43:51.683976',1,2,'develop','## PR 유형\n- [ ] 기능 추가\n- [ ] 기능 삭제\n- [ ] 버그 수정\n- [ ] 리팩토링\n- [ ] 의존성, 환경 변수, 빌드 관련 코드 업데이트\n\n## 작업 내용 및 변경 사항\n챌린지 관련 컨트롤러 생성\n\n\n## 참고사항\n참고사항. 없을 시 삭제',NULL,'https://github.com/ottereview/PageOn/pull/19.diff','feature/challenge-controller','https://github.com/ottereview/PageOn/pull/19','https://api.github.com/repos/ottereview/PageOn/issues/19','https://github.com/ottereview/PageOn/pull/19.patch','이 PR은 챌린지 관련 기능을 추가하는 서버 컨트롤러를 생성합니다. 주요 변경사항으로 챌린지 인증 및 참여를 위한 API 컨트롤러가 새로 작성되어, 사용자들이 인증글을 작성하고 조회할 수 있는 기능이 추가되었습니다. 이로 인해 사용자는 챌린지 참여 및 인증 관련 작업을 보다 쉽게 처리할 수 있게 됩니다.','[FEATURE]: 챌린지 관련 컨트롤러 생성','CLOSED'),(0,1,0,1,20,_binary '',_binary '\0',0,'2025-08-17 00:09:06.403388','2025-08-17 09:09:04.000000',2750536630,'2025-08-17 09:09:04.000000',20,'2025-08-17 00:12:29.233121',1,1,'develop','토큰 생성 로직 수정 및 개선',NULL,'https://github.com/ottereview/PageOn/pull/20.diff','refactor/jwt-generate','https://github.com/ottereview/PageOn/pull/20','https://api.github.com/repos/ottereview/PageOn/issues/20','https://github.com/ottereview/PageOn/pull/20.patch','이 PR은 토큰 생성 로직을 수정하여 기능을 개선합니다. 주요 변경사항으로는 토큰 생성 시 사용자 ID 대신 이메일을 주제로 설정하고, 클레임 이름을 정리하여 가독성을 높였습니다. 이를 통해 더욱 효율적이고 일관된 토큰 생성이 가능해질 것으로 기대됩니다.','[FEATURE]: 토큰 생성 로직 수정 및 개선','MERGED'),(0,1,0,1,21,_binary '\0',_binary '\0',0,'2025-08-17 00:14:03.481542','2025-08-17 09:14:01.000000',2750539877,'2025-08-17 09:14:01.000000',21,'2025-08-17 00:15:14.200586',1,2,'develop','## PR 유형\n- [ ] 기능 추가\n- [ ] 기능 삭제\n- [ ] 버그 수정\n- [ ] 리팩토링\n- [ ] 의존성, 환경 변수, 빌드 관련 코드 업데이트\n\n## 작업 내용 및 변경 사항\naccessTokenGenerate 메서드 수정\n\n\n## 참고사항\n참고사항. 없을 시 삭제',NULL,'https://github.com/ottereview/PageOn/pull/21.diff','feature/auth-jwt-update','https://github.com/ottereview/PageOn/pull/21','https://api.github.com/repos/ottereview/PageOn/issues/21','https://github.com/ottereview/PageOn/pull/21.patch','이 PR은 `accessTokenGenerate` 메서드를 수정하여 JWT 토큰 생성을 개선합니다. 주요 변경사항으로 이메일과 역할 클레임을 수정하고, 만료 날짜 변수를 변경했습니다. 이를 통해 보다 정확한 사용자 정보를 반영한 JWT 토큰이 생성될 것으로 기대됩니다.','accessTokenGenerate 메서드 수정','OPEN'),(0,8,0,1,22,_binary '',_binary '\0',0,'2025-08-17 14:54:29.226141','2025-08-17 23:54:26.000000',2751031619,'2025-08-17 23:54:26.000000',22,'2025-08-17 15:34:16.799754',1,2,'develop','## PR 유형\n- [ ] 기능 추가\n- [ ] 기능 삭제\n- [ ] 버그 수정\n- [ ] 리팩토링\n- [ ] 의존성, 환경 변수, 빌드 관련 코드 업데이트\n\n## 작업 내용 및 변경 사항\n챌린지 도메인 DTO 추가\n\n## 이슈 링크\nclose #이슈번호\n\n## 참고사항\n참고사항. 없을 시 삭제',NULL,'https://github.com/ottereview/PageOn/pull/22.diff','feature/challenge-dto','https://github.com/ottereview/PageOn/pull/22','https://api.github.com/repos/ottereview/PageOn/issues/22','https://github.com/ottereview/PageOn/pull/22.patch','이 PR은 챌린지 도메인에 대한 데이터 전송 객체(DTO)를 추가하여 기능을 확장합니다. 주요 변경사항으로는 챌린지 요청, 응답 및 인증 관련 DTO 클래스를 새로 추가하였으며, 데이터 유효성을 검증하는 로직도 포함되었습니다. 이로 인해 챌린지 관련 데이터 처리가 더욱 체계적이고 안전해질 것으로 기대됩니다.','[FEATURE]: 챌린지 도메인 DTO 추가','MERGED'),(0,7,0,2,23,_binary '',_binary '\0',0,'2025-08-17 15:06:51.283174','2025-08-18 00:06:48.000000',2751036575,'2025-08-18 00:06:48.000000',23,'2025-08-17 15:09:38.932691',1,1,'develop','피드 DTO 및 에러 코드 구현',NULL,'https://github.com/ottereview/PageOn/pull/23.diff','feature/feed-dto-error','https://github.com/ottereview/PageOn/pull/23','https://api.github.com/repos/ottereview/PageOn/issues/23','https://github.com/ottereview/PageOn/pull/23.patch','이 PR은 피드 관련 DTO와 공통 에러 코드를 구현하여 데이터 전송과 오류 처리를 개선합니다. 주요 변경사항으로 `CreateMagazineRequest`와 같은 DTO를 통해 필수값 검증 및 이미지 키 형식 검증 로직을 추가하였으며, 이를 통해 API의 데이터 무결성을 강화합니다. 또한, 새롭게 정의된 에러 코드로 예외 처리가 체계적으로 이루어질 수 있습니다.','[FEATURE]: 피드 DTO 및 에러 코드 구현','CLOSED'),(0,2,0,7,10,_binary '',_binary '\0',0,'2025-08-17 15:48:06.130566','2025-08-14 06:28:26.000000',2742695050,'2025-08-14 06:28:26.000000',24,'2025-08-17 15:48:06.130566',3,10,'test','설명명','879e3fc0648f9446c5fc507b745855e5425def08','https://github.com/huizoo/ssafy_test/pull/10.diff','44test44','https://github.com/huizoo/ssafy_test/pull/10','https://api.github.com/repos/huizoo/ssafy_test/issues/10','https://github.com/huizoo/ssafy_test/pull/10.patch',NULL,'제목목','OPEN'),(0,2,0,7,8,_binary '',_binary '\0',0,'2025-08-17 15:48:06.131682','2025-08-13 22:24:07.000000',2741430454,'2025-08-13 22:24:07.000000',25,'2025-08-17 15:48:06.131682',3,10,'test2222',NULL,'879e3fc0648f9446c5fc507b745855e5425def08','https://github.com/huizoo/ssafy_test/pull/8.diff','44test44','https://github.com/huizoo/ssafy_test/pull/8','https://api.github.com/repos/huizoo/ssafy_test/issues/8','https://github.com/huizoo/ssafy_test/pull/8.patch',NULL,'[FEATURE]: 브랜치 상태 관리를 위한 Zustand 스토어 추가','OPEN'),(0,1,0,1,2,_binary '',_binary '\0',6,'2025-08-17 15:48:06.132613','2025-08-05 06:57:45.000000',2717890956,'2025-08-14 20:21:43.000000',26,'2025-08-17 15:48:06.132613',3,3,'master','pr 생성 테스트 222222222222222','5531eebaf0571eefa9fe234a1106420aceaa7fb0','https://github.com/huizoo/ssafy_test/pull/2.diff','test2222','https://github.com/huizoo/ssafy_test/pull/2','https://api.github.com/repos/huizoo/ssafy_test/issues/2','https://github.com/huizoo/ssafy_test/pull/2.patch',NULL,'테스트2222','OPEN'),(0,1,0,1,4,_binary '',_binary '\0',0,'2025-08-17 15:50:59.729220','2025-08-17 00:22:55.000000',2750208288,'2025-08-17 00:22:55.000000',27,'2025-08-17 15:50:59.729220',10,10,'main','## PR 유형\n- [ ] 기능 추가 gg \n- [ ] 기능 삭제\n- [ ] 버그 수정\n- [ ] 리팩토링\n- [ ] 의존성, 환경 변수, 빌드 관련 코드 업데이트\n\n## 작업 내용 및 변경 사항\n작업 내용 및 변경사항 작성\n\n## 이슈 링크\nclose #이슈번호\n\n## 참고사항\n참고사항. 없을 시 삭제','07ab66f59f6c7461640216270fedc445a45491fa','https://github.com/ottereview/reviewTest/pull/4.diff','tetetetest','https://github.com/ottereview/reviewTest/pull/4','https://api.github.com/repos/ottereview/reviewTest/issues/4','https://github.com/ottereview/reviewTest/pull/4.patch',NULL,'[DOCS]: README.md 내용 업데이트','OPEN'),(0,1,0,1,3,_binary '\0',_binary '\0',1,'2025-08-17 15:50:59.734504','2025-08-12 19:16:25.000000',2737320156,'2025-08-13 19:54:12.000000',28,'2025-08-17 15:50:59.734504',10,11,'main','오늘은 절거운 화요일','1165b4b0f661257bcc8d19f83eb53cced3ee3430','https://github.com/ottereview/reviewTest/pull/3.diff','dev','https://github.com/ottereview/reviewTest/pull/3','https://api.github.com/repos/ottereview/reviewTest/issues/3','https://github.com/ottereview/reviewTest/pull/3.patch',NULL,'화요일의 리뷰 테스트','OPEN'),(0,1,0,1,61,_binary '\0',_binary '\0',0,'2025-08-17 15:51:00.481168','2025-08-17 18:57:46.000000',2750902328,'2025-08-17 18:57:46.000000',29,'2025-08-17 15:51:00.481168',11,1,'main',NULL,'dc133e723ebf87f2d6ce9430bfe4d42671f3c428','https://github.com/ottereview/reviewOtter/pull/61.diff','feat/2','https://github.com/ottereview/reviewOtter/pull/61','https://api.github.com/repos/ottereview/reviewOtter/issues/61','https://github.com/ottereview/reviewOtter/pull/61.patch',NULL,'충돌 2','OPEN'),(0,10,0,1,24,_binary '',_binary '\0',0,'2025-08-17 15:53:25.352286','2025-08-18 00:53:23.000000',2751056727,'2025-08-18 00:53:23.000000',30,'2025-08-17 15:53:25.376733',1,2,'develop','챌린지 도메인 로직 수정 및 오류 해결',NULL,'https://github.com/ottereview/PageOn/pull/24.diff','feature/challenge-total','https://github.com/ottereview/PageOn/pull/24','https://api.github.com/repos/ottereview/PageOn/issues/24','https://github.com/ottereview/PageOn/pull/24.patch','이 PR은 챌린지 도메인 로직을 수정하고 오류를 해결하여 기능의 안정성을 향상시킵니다. 주요 변경사항으로는 Spring Boot의 어노테이션을 활용한 코드 간소화와 Builder 패턴 추가, 존재 여부 판단 메소드 및 비즈니스 로직에 맞춘 메서드 이름 변경이 포함됩니다. 이러한 개선을 통해 코드의 가독성과 유지보수성이 높아질 것으로 기대됩니다.','[FIX]: 챌린지 도메인 로직 수정 및 오류 해결','OPEN'),(0,28,0,21,25,_binary '',_binary '\0',0,'2025-08-17 16:01:08.129926','2025-08-18 01:01:05.000000',2751060216,'2025-08-18 01:01:05.000000',31,'2025-08-17 16:02:24.682703',1,8,'feature/feed-repository','## PR 유형\n- [x] 기능 추가\n- [ ] 기능 삭제\n- [ ] 버그 수정\n- [ ] 리팩토링\n- [ ] 의존성, 환경 변수, 빌드 관련 코드 업데이트\n\n## 작업 내용 및 변경 사항\n작업 내용 및 변경사항 작성\n\n## 이슈 링크\nclose #이슈번호\n\n## 참고사항\n참고사항. 없을 시 삭제',NULL,'https://github.com/ottereview/PageOn/pull/25.diff','feature/add-feed-mapper','https://github.com/ottereview/PageOn/pull/25','https://api.github.com/repos/ottereview/PageOn/issues/25','https://github.com/ottereview/PageOn/pull/25.patch','\"이 PR은 피드 및 챌린지 관련 기능을 새롭게 추가하여 사용자 경험을 향상시키고자 합니다. 주요 변경사항으로 피드 및 챌린지 서비스와 컨트롤러를 구현하였으며, 이를 통해 피드 생성, 조회 및 챌린지 관리 기능을 제공합니다. 이로 인해 사용자는 다양한 컨텐츠를 효과적으로 관리하고 참여할 수 있게 됩니다.\"','[FEATURE]: 피드 및 챌린지 관련 기능 구현','CLOSED'),(0,2,0,2,26,_binary '',_binary '\0',0,'2025-08-17 16:13:11.687281','2025-08-18 01:13:09.000000',2751068557,'2025-08-18 01:13:09.000000',32,'2025-08-17 16:13:11.705238',1,1,'develop',' Like 엔티티 및 서비스 구현',NULL,'https://github.com/ottereview/PageOn/pull/26.diff','feature/like-entity-service','https://github.com/ottereview/PageOn/pull/26','https://api.github.com/repos/ottereview/PageOn/issues/26','https://github.com/ottereview/PageOn/pull/26.patch','이 PR은 \'Like\' 기능을 구현하여 피드에 대한 사용자 반응을 추가합니다. 주요 변경사항으로 \'Likes\' 엔티티와 \'LikesService\' 클래스를 추가하였으며, 이를 통해 사용자는 피드를 좋아요 할 수 있는 기능을 갖추게 됩니다. 이 변경으로 소셜 피드 상호작용이 강화되고, 사용자 경험이 개선될 것으로 기대됩니다.','[FEATURE]: Like 엔티티 및 서비스 구현','OPEN');
/*!40000 ALTER TABLE `pull_request` ENABLE KEYS */;
UNLOCK TABLES;

--
-- Table structure for table `repository`
--

DROP TABLE IF EXISTS `repository`;
/*!40101 SET @saved_cs_client     = @@character_set_client */;
/*!50503 SET character_set_client = utf8mb4 */;
CREATE TABLE `repository` (
  `is_cushion` bit(1) NOT NULL,
  `is_private` bit(1) NOT NULL,
  `account_id` bigint DEFAULT NULL,
  `created_at` datetime(6) NOT NULL,
  `id` bigint NOT NULL AUTO_INCREMENT,
  `modified_at` datetime(6) NOT NULL,
  `repo_id` bigint NOT NULL,
  `full_name` varchar(255) COLLATE utf8mb4_unicode_ci NOT NULL,
  PRIMARY KEY (`id`),
  UNIQUE KEY `UKr5a4e6t278jr2yy116s739sl` (`repo_id`),
  KEY `FKflnynrv6kednue5g13kcj6qxd` (`account_id`),
  CONSTRAINT `FKflnynrv6kednue5g13kcj6qxd` FOREIGN KEY (`account_id`) REFERENCES `account` (`id`) ON DELETE CASCADE
) ENGINE=InnoDB AUTO_INCREMENT=12 DEFAULT CHARSET=utf8mb4 COLLATE=utf8mb4_unicode_ci;
/*!40101 SET character_set_client = @saved_cs_client */;

--
-- Dumping data for table `repository`
--

LOCK TABLES `repository` WRITE;
/*!40000 ALTER TABLE `repository` DISABLE KEYS */;
INSERT INTO `repository` VALUES (_binary '\0',_binary '\0',1,'2025-08-16 22:50:44.080353',1,'2025-08-16 22:50:44.080353',1039081043,'ottereview/PageOn'),(_binary '\0',_binary '\0',2,'2025-08-17 15:48:03.356979',2,'2025-08-17 15:48:03.356979',926272277,'huizoo/zoo'),(_binary '\0',_binary '',2,'2025-08-17 15:48:03.364267',3,'2025-08-17 15:48:03.364267',967201584,'huizoo/ssafy_test'),(_binary '\0',_binary '\0',2,'2025-08-17 15:48:03.365018',4,'2025-08-17 15:48:03.365018',993631963,'huizoo/chaekly-ai-book-community'),(_binary '\0',_binary '\0',2,'2025-08-17 15:48:03.366055',5,'2025-08-17 15:48:03.366055',1012281652,'huizoo/ssafy-frontend'),(_binary '\0',_binary '\0',2,'2025-08-17 15:48:03.367051',6,'2025-08-17 15:48:03.367051',1013466392,'huizoo/SafeCoder-backend'),(_binary '\0',_binary '\0',2,'2025-08-17 15:48:03.367931',7,'2025-08-17 15:48:03.367931',1013492108,'huizoo/SafeCoder-frontend'),(_binary '\0',_binary '',2,'2025-08-17 15:48:03.368785',8,'2025-08-17 15:48:03.368785',1015767303,'huizoo/algo'),(_binary '\0',_binary '\0',2,'2025-08-17 15:48:03.369571',9,'2025-08-17 15:48:03.369571',1032254499,'huizoo/ssafy-test2'),(_binary '\0',_binary '\0',1,'2025-08-17 15:50:58.182988',10,'2025-08-17 15:50:58.182988',1035256251,'ottereview/reviewTest'),(_binary '\0',_binary '\0',1,'2025-08-17 15:50:58.184563',11,'2025-08-17 15:50:58.184563',1036340020,'ottereview/reviewOtter');
/*!40000 ALTER TABLE `repository` ENABLE KEYS */;
UNLOCK TABLES;

--
-- Table structure for table `review`
--

DROP TABLE IF EXISTS `review`;
/*!40101 SET @saved_cs_client     = @@character_set_client */;
/*!50503 SET character_set_client = utf8mb4 */;
CREATE TABLE `review` (
  `created_at` datetime(6) NOT NULL,
  `github_created_at` datetime(6) DEFAULT NULL,
  `github_id` bigint DEFAULT NULL,
  `id` bigint NOT NULL AUTO_INCREMENT,
  `modified_at` datetime(6) NOT NULL,
  `pull_request_id` bigint DEFAULT NULL,
  `user_id` bigint DEFAULT NULL,
  `body` text COLLATE utf8mb4_unicode_ci,
  `commit_sha` varchar(255) COLLATE utf8mb4_unicode_ci DEFAULT NULL,
  `state` enum('APPROVE','COMMENT','REQUEST_CHANGES') COLLATE utf8mb4_unicode_ci NOT NULL,
  PRIMARY KEY (`id`),
  UNIQUE KEY `UK6c77toiboxredfbcpt7au04gt` (`github_id`),
  KEY `FKtqhdcofpdsoo5bqu62lyssja3` (`pull_request_id`),
  KEY `FK6cpw2nlklblpvc7hyt7ko6v3e` (`user_id`),
  CONSTRAINT `FK6cpw2nlklblpvc7hyt7ko6v3e` FOREIGN KEY (`user_id`) REFERENCES `users` (`id`) ON DELETE CASCADE,
  CONSTRAINT `FKtqhdcofpdsoo5bqu62lyssja3` FOREIGN KEY (`pull_request_id`) REFERENCES `pull_request` (`id`) ON DELETE CASCADE
) ENGINE=InnoDB AUTO_INCREMENT=45 DEFAULT CHARSET=utf8mb4 COLLATE=utf8mb4_unicode_ci;
/*!40101 SET character_set_client = @saved_cs_client */;

--
-- Dumping data for table `review`
--

LOCK TABLES `review` WRITE;
/*!40000 ALTER TABLE `review` DISABLE KEYS */;
INSERT INTO `review` VALUES ('2025-08-16 23:10:35.797635','2025-08-17 08:10:37.000000',3125877808,1,'2025-08-16 23:10:38.838274',1,1,'엔티티 추가 좋습니다.','8898251a5615b32d6a457bfd5f76a4318c2af873','APPROVE'),('2025-08-16 23:11:26.412473','2025-08-17 08:11:27.000000',3125877997,2,'2025-08-16 23:11:29.585010',1,7,'좋아용','8898251a5615b32d6a457bfd5f76a4318c2af873','APPROVE'),('2025-08-16 23:11:52.815472','2025-08-17 08:11:55.000000',3125878092,3,'2025-08-16 23:11:56.880474',1,7,'리뷰류ㅣ뷰','8898251a5615b32d6a457bfd5f76a4318c2af873','COMMENT'),('2025-08-16 23:19:04.446891','2025-08-17 08:19:05.000000',3125880345,4,'2025-08-16 23:19:07.573356',2,1,'토큰 인증 좋아요','1bb248ce549455df9e075874fc90817237d985f5','APPROVE'),('2025-08-16 23:20:23.750733','2025-08-17 08:20:25.000000',3125880654,5,'2025-08-16 23:20:26.688496',2,2,'좋습니다!','1bb248ce549455df9e075874fc90817237d985f5','APPROVE'),('2025-08-16 23:21:05.459152','2025-08-17 08:21:08.000000',3125880797,6,'2025-08-16 23:21:10.378630',3,7,'좋앙용','83425364f24fa654a7140ef445ed5f7e10aad004','APPROVE'),('2025-08-16 23:21:31.832676','2025-08-17 08:21:33.000000',3125880911,7,'2025-08-16 23:21:34.816422',3,2,'아주 좋은 코드입니다!','83425364f24fa654a7140ef445ed5f7e10aad004','APPROVE'),('2025-08-16 23:28:03.042433','2025-08-17 08:28:04.000000',3125882402,8,'2025-08-16 23:28:06.069478',4,1,'좋습니다.','31afce4ff5517031c58a3f8fe558c010cf4dde8a','APPROVE'),('2025-08-16 23:28:17.404275','2025-08-17 08:28:20.000000',3125883004,9,'2025-08-16 23:28:23.154717',5,7,'아우 좋아요~','2045374728dc3d75317714daf8b794b91117aa29','APPROVE'),('2025-08-16 23:28:45.758348','2025-08-17 08:28:47.000000',3125883330,10,'2025-08-16 23:28:48.705802',6,1,'좋네요 승인하겠습니다.','11ee0449bfc14d9e4d470c487cc4db2a573d1c7a','APPROVE'),('2025-08-16 23:29:45.410177','2025-08-17 08:29:46.000000',3125883734,11,'2025-08-16 23:29:48.297719',6,2,'좋습니다!','11ee0449bfc14d9e4d470c487cc4db2a573d1c7a','APPROVE'),('2025-08-16 23:30:11.588444','2025-08-17 08:30:12.000000',3125883853,12,'2025-08-16 23:30:14.385411',5,2,'좋습니다!','2045374728dc3d75317714daf8b794b91117aa29','APPROVE'),('2025-08-16 23:30:53.532175','2025-08-17 08:30:54.000000',3125884002,13,'2025-08-16 23:30:56.928912',4,2,'좋습니다!','31afce4ff5517031c58a3f8fe558c010cf4dde8a','COMMENT'),('2025-08-16 23:31:01.442736','2025-08-17 08:31:02.000000',3125884039,14,'2025-08-16 23:31:04.330313',4,2,'좋습니다!2','31afce4ff5517031c58a3f8fe558c010cf4dde8a','APPROVE'),('2025-08-16 23:35:44.749679','2025-08-17 08:35:46.000000',3125885110,15,'2025-08-16 23:35:47.846078',7,2,'좋습니다!','77a6c0230ed749f848edb3c428b3fec102ddaabd','APPROVE'),('2025-08-16 23:35:57.128155','2025-08-17 08:35:58.000000',3125885157,16,'2025-08-16 23:35:59.768574',8,1,'좋습니다!','012c13f723f9644ae06b0b0d05a73a9a0570a1bd','APPROVE'),('2025-08-16 23:36:23.370968','2025-08-17 08:36:24.000000',3125885266,17,'2025-08-16 23:36:26.122299',7,1,'좋아요~','77a6c0230ed749f848edb3c428b3fec102ddaabd','APPROVE'),('2025-08-16 23:37:00.054439','2025-08-17 08:37:01.000000',3125885407,18,'2025-08-16 23:37:03.113216',8,7,'넹','012c13f723f9644ae06b0b0d05a73a9a0570a1bd','APPROVE'),('2025-08-16 23:43:05.786802','2025-08-17 08:43:07.000000',3125886700,19,'2025-08-16 23:43:08.528909',10,1,'승인하겠습니다.','9d96482897a7d7e8b0f813cdf47a5555a28f660a','APPROVE'),('2025-08-16 23:43:17.807703','2025-08-17 08:43:19.000000',3125886747,20,'2025-08-16 23:43:20.413980',12,7,'귣','b3017114ea057406b3b9506aa3697ff2e8069530','APPROVE'),('2025-08-16 23:44:31.986007','2025-08-17 08:44:33.000000',3125887114,21,'2025-08-16 23:44:34.928757',10,2,'좋습니다!','9d96482897a7d7e8b0f813cdf47a5555a28f660a','APPROVE'),('2025-08-16 23:45:07.192605','2025-08-17 08:45:08.000000',3125887286,22,'2025-08-16 23:45:10.242453',12,2,'좋습니다!','b3017114ea057406b3b9506aa3697ff2e8069530','APPROVE'),('2025-08-16 23:45:23.170819','2025-08-17 08:45:24.000000',3125887332,23,'2025-08-16 23:45:25.979277',13,2,'좋습니다!','d908241af65b1302370555be0e9a258f856593ec','APPROVE'),('2025-08-16 23:49:49.434899','2025-08-17 08:49:50.000000',3125888292,24,'2025-08-16 23:49:52.306813',13,1,'Value로 변수 가져오는 부분 좋네요.','d908241af65b1302370555be0e9a258f856593ec','APPROVE'),('2025-08-16 23:50:52.041720','2025-08-17 08:50:53.000000',3125888720,25,'2025-08-16 23:50:54.869040',16,2,'좋습니다!','f005b3df2c3798954555b5b160effe62c01183eb','APPROVE'),('2025-08-16 23:51:03.274898','2025-08-17 08:51:05.000000',3125889267,26,'2025-08-16 23:51:06.789413',16,7,'ㅇㅅㅇ','f005b3df2c3798954555b5b160effe62c01183eb','APPROVE'),('2025-08-16 23:51:11.925351','2025-08-17 08:51:13.000000',3125889375,27,'2025-08-16 23:51:14.635233',15,2,'좋습니다!','0ea212667f635efa1c9460bad77836f0559648bf','APPROVE'),('2025-08-16 23:51:18.898467','2025-08-17 08:51:20.000000',3125889445,28,'2025-08-16 23:51:22.307154',14,1,'트랜잭션 처리 좋습니다! 승인하겠습니다.','651de5e7cdf04390291fc3cb47012674bb7629ca','APPROVE'),('2025-08-16 23:51:30.833496','2025-08-17 08:51:32.000000',3125889516,29,'2025-08-16 23:51:33.722501',14,7,'으아앙','651de5e7cdf04390291fc3cb47012674bb7629ca','APPROVE'),('2025-08-16 23:52:29.840431','2025-08-17 08:52:31.000000',3125889739,30,'2025-08-16 23:52:32.947869',15,1,'Auth-token 구현 좋습니다!','0ea212667f635efa1c9460bad77836f0559648bf','APPROVE'),('2025-08-16 23:59:01.511365','2025-08-17 08:59:02.000000',3125892121,31,'2025-08-16 23:59:04.224003',17,2,'비즈니스 로직 작성을 아주 잘 하신거 같습니다!','66d4aa3eb48a8604c48444d039376873b1f7e121','APPROVE'),('2025-08-16 23:59:08.358081','2025-08-17 08:59:09.000000',3125892156,32,'2025-08-16 23:59:11.502622',17,1,'잘 구현하셨네요! 승인하겠습니다!','66d4aa3eb48a8604c48444d039376873b1f7e121','COMMENT'),('2025-08-17 00:02:04.781424','2025-08-17 09:02:05.000000',3125892804,33,'2025-08-17 00:02:07.559343',19,7,'어우 좋네요 승인합니다','e75a46a4233838dfa2b92be0c75648d2a9c7a5de','APPROVE'),('2025-08-17 00:02:07.880591','2025-08-17 09:02:09.000000',3125892814,34,'2025-08-17 00:02:10.570302',19,1,'Controller 구현 페이지네이션 수정 바랍니다!','e75a46a4233838dfa2b92be0c75648d2a9c7a5de','REQUEST_CHANGES'),('2025-08-17 00:02:40.132046','2025-08-17 09:02:41.000000',3125892957,35,'2025-08-17 00:02:43.439383',19,1,'승인하겠씁니다!','e75a46a4233838dfa2b92be0c75648d2a9c7a5de','APPROVE'),('2025-08-17 00:03:03.481778','2025-08-17 09:03:04.000000',3125893051,36,'2025-08-17 00:03:06.653060',19,1,'다시 수정 부탁드립니다!','e75a46a4233838dfa2b92be0c75648d2a9c7a5de','REQUEST_CHANGES'),('2025-08-17 00:10:24.800622','2025-08-17 09:10:25.000000',3125894693,37,'2025-08-17 00:10:27.542034',20,2,'좋습니다!','3a29c248837fd92eb4a9064507b20c1fadb3a3cb','APPROVE'),('2025-08-17 00:12:10.785616','2025-08-17 09:12:12.000000',3125895136,38,'2025-08-17 00:12:13.686539',20,7,'토큰 생성 로직이 아주 잘 짜여진거 같습니다! 훌룡합니다!','3a29c248837fd92eb4a9064507b20c1fadb3a3cb','APPROVE'),('2025-08-17 00:14:35.932725','2025-08-17 09:14:37.000000',3125895751,39,'2025-08-17 00:14:38.994684',21,1,'승인하겠습니다.','32aa653cdd80590344f4bfe7a95c787a06f3c276','APPROVE'),('2025-08-17 14:35:40.340685','2025-08-17 23:35:41.000000',3126198896,40,'2025-08-17 14:35:43.332064',18,2,'DTO를 잘 만들어서 전달하는 거 같습니다! 굿입니다!','d78a55ed65f64d83c7e418be52c4120b7332b1c0','APPROVE'),('2025-08-17 14:55:44.561435','2025-08-17 23:55:45.000000',3126202568,41,'2025-08-17 14:55:47.673634',22,7,'좋습니다.','7e27f2d03848b90fbe0c0641f906a6f5bb28434e','APPROVE'),('2025-08-17 15:01:00.134259','2025-08-18 00:01:01.000000',3126203357,42,'2025-08-17 15:01:03.593347',18,7,'아주 좋습니다 이대로 가면될듯합니다.','d78a55ed65f64d83c7e418be52c4120b7332b1c0','APPROVE'),('2025-08-17 15:33:54.008219','2025-08-18 00:33:55.000000',3126209653,43,'2025-08-17 15:33:57.674035',22,1,'세부적인 dto 작성 좋습니다!','7e27f2d03848b90fbe0c0641f906a6f5bb28434e','APPROVE'),('2025-08-17 16:17:20.965903','2025-08-18 01:17:24.000000',3126231688,44,'2025-08-17 16:17:25.885197',32,7,'좋습니다.','7d135881147fab36d87327f3f60bc5bebaa69339','APPROVE');
/*!40000 ALTER TABLE `review` ENABLE KEYS */;
UNLOCK TABLES;

--
-- Table structure for table `review_comment`
--

DROP TABLE IF EXISTS `review_comment`;
/*!40101 SET @saved_cs_client     = @@character_set_client */;
/*!50503 SET character_set_client = utf8mb4 */;
CREATE TABLE `review_comment` (
  `line` int DEFAULT NULL,
  `position` int DEFAULT NULL,
  `start_line` int DEFAULT NULL,
  `created_at` datetime(6) NOT NULL,
  `github_created_at` datetime(6) DEFAULT NULL,
  `github_id` bigint DEFAULT NULL,
  `github_in_reply_to_id` bigint DEFAULT NULL,
  `github_updated_at` datetime(6) DEFAULT NULL,
  `id` bigint NOT NULL AUTO_INCREMENT,
  `modified_at` datetime(6) NOT NULL,
  `parent_comment_id` bigint DEFAULT NULL,
  `review_id` bigint DEFAULT NULL,
  `user_id` bigint DEFAULT NULL,
  `body` text COLLATE utf8mb4_unicode_ci,
  `diff_hunk` text COLLATE utf8mb4_unicode_ci,
  `path` varchar(255) COLLATE utf8mb4_unicode_ci NOT NULL,
  `record_key` varchar(255) COLLATE utf8mb4_unicode_ci DEFAULT NULL,
  `side` varchar(255) COLLATE utf8mb4_unicode_ci DEFAULT NULL,
  `start_side` varchar(255) COLLATE utf8mb4_unicode_ci DEFAULT NULL,
  PRIMARY KEY (`id`),
  UNIQUE KEY `UK1a8ejyd9dvqop4wxxpjmvl5r1` (`github_id`),
  KEY `FKmh0o5lpwf7uf1b318udd89vh4` (`parent_comment_id`),
  KEY `FK9j7pkcpuestrwjre1a1902biu` (`review_id`),
  KEY `FKpgr2q1cxlrcy0i08wjp10lke3` (`user_id`),
  CONSTRAINT `FK9j7pkcpuestrwjre1a1902biu` FOREIGN KEY (`review_id`) REFERENCES `review` (`id`) ON DELETE CASCADE,
  CONSTRAINT `FKmh0o5lpwf7uf1b318udd89vh4` FOREIGN KEY (`parent_comment_id`) REFERENCES `review_comment` (`id`),
  CONSTRAINT `FKpgr2q1cxlrcy0i08wjp10lke3` FOREIGN KEY (`user_id`) REFERENCES `users` (`id`)
) ENGINE=InnoDB AUTO_INCREMENT=38 DEFAULT CHARSET=utf8mb4 COLLATE=utf8mb4_unicode_ci;
/*!40101 SET character_set_client = @saved_cs_client */;

--
-- Dumping data for table `review_comment`
--

LOCK TABLES `review_comment` WRITE;
/*!40000 ALTER TABLE `review_comment` DISABLE KEYS */;
INSERT INTO `review_comment` VALUES (26,26,21,'2025-08-16 23:10:35.820364','2025-08-17 08:10:37.000000',2280446162,NULL,'2025-08-17 08:10:37.000000',1,'2025-08-16 23:10:38.993183',NULL,1,1,'엔티티 추가 좋아요','@@ -0,0 +1,183 @@\n+package com.ssafy.pageon.challenge.entity;\n+\n+import jakarta.persistence.AttributeOverride;\n+import jakarta.persistence.AttributeOverrides;\n+import jakarta.persistence.Basic;\n+import jakarta.persistence.Column;\n+import jakarta.persistence.Embedded;\n+import jakarta.persistence.Entity;\n+import jakarta.persistence.EnumType;\n+import jakarta.persistence.Enumerated;\n+import jakarta.persistence.FetchType;\n+import jakarta.persistence.GeneratedValue;\n+import jakarta.persistence.GenerationType;\n+import jakarta.persistence.Id;\n+import jakarta.persistence.JoinColumn;\n+import jakarta.persistence.ManyToOne;\n+import jakarta.persistence.Table;\n+import java.time.LocalDateTime;\n+\n+import org.hibernate.annotations.Formula;\n+\n+@Entity\n+@Table(name = \"challenge\")\n+public class Challenge extends BaseEntity implements ImageKeyAccessor {\n+\n+    @Id','src/main/java/com/ssafy/pageon/challenge/entity/Challenge.java',NULL,'RIGHT','RIGHT'),(16,16,NULL,'2025-08-16 23:11:26.415217','2025-08-17 08:11:27.000000',2280446410,NULL,'2025-08-17 08:11:27.000000',2,'2025-08-16 23:11:29.613433',NULL,2,7,'이부분 확인해보세요.','@@ -0,0 +1,183 @@\n+package com.ssafy.pageon.challenge.entity;\n+\n+import jakarta.persistence.AttributeOverride;\n+import jakarta.persistence.AttributeOverrides;\n+import jakarta.persistence.Basic;\n+import jakarta.persistence.Column;\n+import jakarta.persistence.Embedded;\n+import jakarta.persistence.Entity;\n+import jakarta.persistence.EnumType;\n+import jakarta.persistence.Enumerated;\n+import jakarta.persistence.FetchType;\n+import jakarta.persistence.GeneratedValue;\n+import jakarta.persistence.GenerationType;\n+import jakarta.persistence.Id;\n+import jakarta.persistence.JoinColumn;\n+import jakarta.persistence.ManyToOne;','src/main/java/com/ssafy/pageon/challenge/entity/Challenge.java',NULL,'RIGHT',NULL),(61,61,NULL,'2025-08-16 23:11:26.417315','2025-08-17 08:11:27.000000',2280446411,NULL,'2025-08-17 08:11:27.000000',3,'2025-08-16 23:11:29.743581',NULL,2,7,'보안이슈 걱정됩ㄴ디ㅏ.','@@ -0,0 +1,66 @@\n+package com.ssafy.pageon.challenge.entity;\n+\n+import jakarta.persistence.Column;\n+import jakarta.persistence.Entity;\n+import jakarta.persistence.FetchType;\n+import jakarta.persistence.GeneratedValue;\n+import jakarta.persistence.GenerationType;\n+import jakarta.persistence.Id;\n+import jakarta.persistence.Index;\n+import jakarta.persistence.JoinColumn;\n+import jakarta.persistence.ManyToOne;\n+import jakarta.persistence.Table;\n+\n+\n+@Entity\n+@Table(name = \"challenge_verification\", indexes = {\n+        @Index(name = \"idx_challenge_verification_created_at\", columnList = \"createdAt\")\n+})\n+public class ChallengeVerification extends BaseEntity implements ImageKeyAccessor {\n+\n+    @Id\n+    @GeneratedValue(strategy = GenerationType.IDENTITY)\n+    private Long id;\n+\n+    private String title;\n+\n+    private String imageKey;\n+\n+    @Column(length = 1000)\n+    private String content;\n+\n+    @ManyToOne(fetch = FetchType.LAZY)\n+    @JoinColumn(name = \"challenge_participation_id\")\n+    private ChallengeParticipation challengeParticipation;\n+\n+    protected ChallengeVerification() {\n+    }\n+\n+    public ChallengeVerification(String title, String imageKey, String content, ChallengeParticipation challengeParticipation) {\n+        this.title = title;\n+        this.imageKey = imageKey;\n+        this.content = content;\n+        this.challengeParticipation = challengeParticipation;\n+    }\n+\n+    public Long getId() {\n+        return id;\n+    }\n+\n+    public String getTitle() {\n+        return title;\n+    }\n+\n+    @Override\n+    public String getImageKey() {\n+        return imageKey;\n+    }\n+\n+    public String getContent() {\n+        return content;\n+    }','src/main/java/com/ssafy/pageon/challenge/entity/ChallengeVertification.java',NULL,'RIGHT',NULL),(38,38,NULL,'2025-08-16 23:11:53.729513','2025-08-17 08:11:54.000000',2280446559,NULL,'2025-08-17 08:11:55.000000',4,'2025-08-16 23:11:56.722853',NULL,3,7,'리뷰리뷰','@@ -0,0 +1,48 @@\n+package com.ssafy.pageon.challenge.entity;\n+\n+import jakarta.persistence.Embeddable;\n+\n+@Embeddable\n+public class HeadcountLimit {\n+\n+    private int minHeadcount;\n+\n+    private int maxHeadcount;\n+\n+    protected HeadcountLimit() {\n+    }\n+\n+    public HeadcountLimit(int minHeadcount, int maxHeadcount) {\n+        this.minHeadcount = minHeadcount;\n+        this.maxHeadcount = maxHeadcount;\n+    }\n+\n+    public int getMinHeadcount() {\n+        return minHeadcount;\n+    }\n+\n+    public int getMaxHeadcount() {\n+        return maxHeadcount;\n+    }\n+\n+    public boolean isFull(int currentHeadcount) {\n+        return currentHeadcount >= maxHeadcount;\n+    }\n+\n+    @Override\n+    public boolean equals(Object o) {\n+        if (this == o) {\n+            return true;\n+        }\n+        if (o == null || getClass() != o.getClass()) {\n+            return false;','src/main/java/com/ssafy/pageon/challenge/entity/HeadcountLimit.java',NULL,'RIGHT',NULL),(32,32,NULL,'2025-08-16 23:11:53.732330','2025-08-17 08:11:55.000000',2280446561,NULL,'2025-08-17 08:11:55.000000',5,'2025-08-16 23:11:57.413156',NULL,3,7,'리뷰, 리뷰, 리뷰, 리뷰','@@ -0,0 +1,58 @@\n+package com.ssafy.pageon.challenge.entity;\n+\n+import jakarta.persistence.Embeddable;\n+import java.time.LocalDateTime;\n+import java.util.Objects;\n+\n+@Embeddable\n+public class Period {\n+\n+    private LocalDateTime startDate;\n+\n+    private LocalDateTime endDate;\n+\n+    protected Period() {\n+    }\n+\n+    public Period(LocalDateTime startDate, LocalDateTime endDate) {\n+        this.startDate = startDate;\n+        this.endDate = endDate;\n+    }\n+\n+    public LocalDateTime getStartDate() {\n+        return startDate;\n+    }\n+\n+    public LocalDateTime getEndDate() {\n+        return endDate;\n+    }\n+\n+    public boolean contains(LocalDateTime dateTime) {\n+        return !dateTime.isBefore(startDate) && !dateTime.isAfter(endDate);\n+    }','src/main/java/com/ssafy/pageon/challenge/entity/Period.java','voice-comments/review_3/1755353512826recording-1755353504430.webm','RIGHT',NULL),(7,7,4,'2025-08-16 23:19:04.449853','2025-08-17 08:19:05.000000',2280449318,NULL,'2025-08-17 08:19:05.000000',6,'2025-08-16 23:19:07.569891',NULL,4,1,'토큰 인증 좋앙요','@@ -0,0 +1,41 @@\n+package com.ssafy.pageon.auth.dto;\n+\n+import com.fasterxml.jackson.annotation.JsonProperty;\n+\n+public class KakaoToken {\n+\n+    @JsonProperty(\"access_token\")','src/main/java/com/ssafy/pageon/auth/dto/KakaoToken.java',NULL,'RIGHT','RIGHT'),(10,10,NULL,'2025-08-16 23:20:23.753146','2025-08-17 08:20:25.000000',2280449716,NULL,'2025-08-17 08:20:25.000000',7,'2025-08-16 23:20:26.786052',NULL,5,2,'JsonProperty 좋아요!','@@ -0,0 +1,41 @@\n+package com.ssafy.pageon.auth.dto;\n+\n+import com.fasterxml.jackson.annotation.JsonProperty;\n+\n+public class KakaoToken {\n+\n+    @JsonProperty(\"access_token\")\n+    private String accessToken;\n+\n+    @JsonProperty(\"token_type\")','src/main/java/com/ssafy/pageon/auth/dto/KakaoToken.java',NULL,'RIGHT',NULL),(21,21,16,'2025-08-16 23:21:07.183627','2025-08-17 08:21:08.000000',2280449856,NULL,'2025-08-17 08:21:08.000000',8,'2025-08-16 23:21:10.594714',NULL,6,7,'좋앙용','@@ -0,0 +1,89 @@\n+package com.ssafy.pageon.feed.entity;\n+\n+import jakarta.persistence.Basic;\n+import jakarta.persistence.CascadeType;\n+import jakarta.persistence.Column;\n+import jakarta.persistence.DiscriminatorColumn;\n+import jakarta.persistence.Entity;\n+import jakarta.persistence.FetchType;\n+import jakarta.persistence.GeneratedValue;\n+import jakarta.persistence.GenerationType;\n+import jakarta.persistence.Id;\n+import jakarta.persistence.Inheritance;\n+import jakarta.persistence.InheritanceType;\n+import jakarta.persistence.JoinColumn;\n+import jakarta.persistence.ManyToOne;\n+import jakarta.persistence.OneToMany;\n+import jakarta.persistence.Table;\n+import java.util.ArrayList;\n+import java.util.List;\n+import kakao.rebit.book.entity.Book;\n+import kakao.rebit.common.persistence.BaseEntity;','src/main/java/com/ssafy/pageon/feed/entity/Feed.java',NULL,'RIGHT','RIGHT'),(5,5,2,'2025-08-16 23:21:07.185946','2025-08-17 08:21:08.000000',2280449858,NULL,'2025-08-17 08:21:08.000000',9,'2025-08-16 23:21:10.622173',NULL,6,7,'으아아아','@@ -0,0 +1,5 @@\n+package com.ssafy.pageon.feed.entity;\n+\n+public class Magazine {\n+\n+}','src/main/java/com/ssafy/pageon/feed/entity/Magazine.java','voice-comments/review_6/1755354065463recording-1755354057656.webm','RIGHT','RIGHT'),(1,1,NULL,'2025-08-16 23:21:31.835033','2025-08-17 08:21:33.000000',2280449963,NULL,'2025-08-17 08:21:33.000000',10,'2025-08-16 23:21:35.000414',NULL,7,2,'gitignore 설정 아주 좋습니다!','@@ -0,0 +1,14 @@\n+# Default ignored files','.idea/.gitignore',NULL,'RIGHT',NULL),(23,23,18,'2025-08-16 23:28:03.044603','2025-08-17 08:28:04.000000',2280451683,NULL,'2025-08-17 08:28:04.000000',11,'2025-08-16 23:28:06.390994',NULL,8,1,'이벤트 핸들러 좋습니다.\n기존 로직과 결합도를 줄일 수 있겠네요!','@@ -0,0 +1,44 @@\n+package com.ssafy.pageon.auth.event;\n+\n+import jakarta.transaction.Transactional;\n+import jakarta.transaction.Transactional.TxType;\n+import kakao.rebit.member.entity.Member;\n+import kakao.rebit.member.service.MemberService;\n+import kakao.rebit.s3.domain.S3Type;\n+import kakao.rebit.s3.dto.DownloadImageInfo;\n+import kakao.rebit.s3.dto.S3UploadKeyRequest;\n+import kakao.rebit.s3.service.S3Service;\n+import kakao.rebit.utils.file.FileUtil;\n+import kakao.rebit.utils.image.ImageDownloader;\n+import org.springframework.scheduling.annotation.Async;\n+import org.springframework.stereotype.Component;\n+import org.springframework.transaction.event.TransactionalEventListener;\n+\n+@Component\n+public class ProfileImageUploadEventHandler {\n+\n+    private final ImageDownloader imageDownloader;\n+    private final S3Service s3Service;\n+    private final MemberService memberService;\n+','src/main/java/com/ssafy/pageon/auth/event/ProfileImageUploadEventHandler.java',NULL,'RIGHT','RIGHT'),(23,23,NULL,'2025-08-16 23:28:19.624252','2025-08-17 08:28:20.000000',2280452395,NULL,'2025-08-17 08:28:21.000000',12,'2025-08-16 23:28:22.709061',NULL,9,7,'tmdtmddls','@@ -0,0 +1,90 @@\n+package com.ssafy.pageon.feed.service;\n+\n+import java.util.Set;\n+import kakao.rebit.book.entity.Book;\n+import kakao.rebit.book.service.BookService;\n+import kakao.rebit.feed.dto.request.update.UpdateFavoriteBookRequest;\n+import kakao.rebit.feed.dto.response.FavoriteBookResponse;\n+import kakao.rebit.feed.entity.FavoriteBook;\n+import kakao.rebit.feed.exception.feed.FeedNotFoundException;\n+import kakao.rebit.feed.exception.feed.UpdateNotAuthorizedException;\n+import kakao.rebit.feed.mapper.FeedMapper;\n+import kakao.rebit.feed.repository.FavoriteBookRepository;\n+import kakao.rebit.member.dto.MemberResponse;\n+import kakao.rebit.member.entity.Member;\n+import kakao.rebit.member.service.MemberService;\n+import org.springframework.data.domain.Page;\n+import org.springframework.data.domain.Pageable;\n+import org.springframework.stereotype.Service;\n+import org.springframework.transaction.annotation.Transactional;\n+\n+@Service\n+public class FavoriteBookService {\n+    ','src/main/java/com/ssafy/pageon/feed/service/FavoriteBookService.java',NULL,'RIGHT',NULL),(61,61,NULL,'2025-08-16 23:28:19.626613','2025-08-17 08:28:20.000000',2280452399,NULL,'2025-08-17 08:28:21.000000',13,'2025-08-16 23:28:22.790498',NULL,9,7,'좋아요','@@ -0,0 +1,90 @@\n+package com.ssafy.pageon.feed.service;\n+\n+import java.util.Set;\n+import kakao.rebit.book.entity.Book;\n+import kakao.rebit.book.service.BookService;\n+import kakao.rebit.feed.dto.request.update.UpdateFavoriteBookRequest;\n+import kakao.rebit.feed.dto.response.FavoriteBookResponse;\n+import kakao.rebit.feed.entity.FavoriteBook;\n+import kakao.rebit.feed.exception.feed.FeedNotFoundException;\n+import kakao.rebit.feed.exception.feed.UpdateNotAuthorizedException;\n+import kakao.rebit.feed.mapper.FeedMapper;\n+import kakao.rebit.feed.repository.FavoriteBookRepository;\n+import kakao.rebit.member.dto.MemberResponse;\n+import kakao.rebit.member.entity.Member;\n+import kakao.rebit.member.service.MemberService;\n+import org.springframework.data.domain.Page;\n+import org.springframework.data.domain.Pageable;\n+import org.springframework.stereotype.Service;\n+import org.springframework.transaction.annotation.Transactional;\n+\n+@Service\n+public class FavoriteBookService {\n+    \n+    private final FavoriteBookRepository favoriteBookRepository;\n+    private final BookService bookService;\n+    private final MemberService memberService;\n+    private final LikesService likesService;\n+    private final FeedMapper feedMapper;\n+    \n+    public FavoriteBookService(FavoriteBookRepository favoriteBookRepository, BookService bookService, MemberService memberService,\n+            LikesService likesService, FeedMapper feedMapper) {\n+        this.favoriteBookRepository = favoriteBookRepository;\n+        this.bookService = bookService;\n+        this.memberService = memberService;\n+        this.likesService = likesService;\n+        this.feedMapper = feedMapper;\n+    }\n+    \n+    @Transactional(readOnly = true)\n+    public Page<FavoriteBookResponse> getFavoriteBooks(MemberResponse memberResponse, Pageable pageable) {\n+        Page<FavoriteBook> feedPage = favoriteBookRepository.findAll(pageable);\n+        \n+        if (memberResponse != null) {\n+            Member viewer = memberService.findMemberByIdOrThrow(memberResponse.id());\n+            Set<Long> likedFeedIds = likesService.getLikedFeedIdsByMember(viewer); // 멤버가 좋아요를 누른 모든 피드를 가져온다.\n+            \n+            return feedPage.map(feed -> (FavoriteBookResponse)\n+                    feedMapper.toFeedResponse(likesService.isLikedBySet(likedFeedIds, feed), feed));\n+        }\n+        \n+        return feedPage.map(feed -> (FavoriteBookResponse) feedMapper.toFeedResponse(false, feed));\n+    }\n+    \n+    @Transactional(readOnly = true)\n+    public Page<FavoriteBookResponse> getMyFavoriteBooks(MemberResponse memberResponse, Pageable pageable) {\n+        Member author = memberService.findMemberByIdOrThrow(memberResponse.id());\n+        Set<Long> likedFeedIds = likesService.getLikedFeedIdsByMember(author);\n+        \n+        return favoriteBookRepository.findAllByMember(author, pageable)\n+                .map(feed -> (FavoriteBookResponse) feedMapper.toFeedResponse(likesService.isLikedBySet(likedFeedIds, feed), feed));\n+    }','src/main/java/com/ssafy/pageon/feed/service/FavoriteBookService.java','voice-comments/review_9/1755354497407recording-1755354489531.webm','RIGHT',NULL),(12,12,8,'2025-08-16 23:28:45.760358','2025-08-17 08:28:47.000000',2280452777,NULL,'2025-08-17 08:28:47.000000',14,'2025-08-16 23:28:48.886225',NULL,10,1,'어노테이션으로 token 관련 로직 설계한거 좋습니다!','@@ -0,0 +1,12 @@\n+package kakao.rebit.auth.jwt;\n+\n+import java.lang.annotation.ElementType;\n+import java.lang.annotation.Retention;\n+import java.lang.annotation.RetentionPolicy;\n+import java.lang.annotation.Target;\n+\n+@Target(ElementType.PARAMETER)\n+@Retention(RetentionPolicy.RUNTIME)\n+public @interface AuthTokenParam {\n+\n+}','src/main/java/com/ssafy/pageon/auth/jwt/AuthTokenParam.java',NULL,'RIGHT','RIGHT'),(17,17,NULL,'2025-08-16 23:29:45.412346','2025-08-17 08:29:46.000000',2280453256,NULL,'2025-08-17 08:29:46.000000',15,'2025-08-16 23:29:48.447619',NULL,11,2,'good!','@@ -0,0 +1,38 @@\n+package kakao.rebit.auth.jwt;\n+\n+import org.springframework.beans.factory.annotation.Autowired;\n+import org.springframework.http.HttpHeaders;\n+import org.springframework.stereotype.Component;\n+import org.springframework.web.context.request.NativeWebRequest;\n+import org.springframework.web.context.request.ServletWebRequest;\n+import org.springframework.web.method.support.HandlerMethodArgumentResolver;\n+import org.springframework.web.method.support.ModelAndViewContainer;\n+import org.springframework.web.bind.support.WebDataBinderFactory;\n+import org.springframework.core.MethodParameter;\n+\n+import jakarta.servlet.http.HttpServletRequest;\n+\n+@Component\n+public class JwtArgumentResolver implements HandlerMethodArgumentResolver {\n+','src/main/java/com/ssafy/pageon/auth/jwt/JwtArgumentResolver.java',NULL,'RIGHT',NULL),(29,29,NULL,'2025-08-16 23:30:11.590488','2025-08-17 08:30:12.000000',2280453351,NULL,'2025-08-17 08:30:12.000000',16,'2025-08-16 23:30:15.064517',NULL,12,2,'좋습니다!','@@ -0,0 +1,90 @@\n+package com.ssafy.pageon.feed.service;\n+\n+import java.util.Set;\n+import kakao.rebit.book.entity.Book;\n+import kakao.rebit.book.service.BookService;\n+import kakao.rebit.feed.dto.request.update.UpdateFavoriteBookRequest;\n+import kakao.rebit.feed.dto.response.FavoriteBookResponse;\n+import kakao.rebit.feed.entity.FavoriteBook;\n+import kakao.rebit.feed.exception.feed.FeedNotFoundException;\n+import kakao.rebit.feed.exception.feed.UpdateNotAuthorizedException;\n+import kakao.rebit.feed.mapper.FeedMapper;\n+import kakao.rebit.feed.repository.FavoriteBookRepository;\n+import kakao.rebit.member.dto.MemberResponse;\n+import kakao.rebit.member.entity.Member;\n+import kakao.rebit.member.service.MemberService;\n+import org.springframework.data.domain.Page;\n+import org.springframework.data.domain.Pageable;\n+import org.springframework.stereotype.Service;\n+import org.springframework.transaction.annotation.Transactional;\n+\n+@Service\n+public class FavoriteBookService {\n+    \n+    private final FavoriteBookRepository favoriteBookRepository;\n+    private final BookService bookService;\n+    private final MemberService memberService;\n+    private final LikesService likesService;\n+    private final FeedMapper feedMapper;\n+    ','src/main/java/com/ssafy/pageon/feed/service/FavoriteBookService.java',NULL,'RIGHT',NULL),(3,3,NULL,'2025-08-16 23:30:53.534326','2025-08-17 08:30:54.000000',2280453490,NULL,'2025-08-17 08:30:54.000000',17,'2025-08-16 23:30:56.445290',NULL,13,2,'좋습니다!','@@ -0,0 +1,11 @@\n+package com.ssafy.pageon.auth.event;\n+\n+public record RegisteredEvent(','src/main/java/com/ssafy/pageon/auth/event/RegisteredEvent.java',NULL,'RIGHT',NULL),(8,8,NULL,'2025-08-16 23:35:44.751747','2025-08-17 08:35:46.000000',2280454573,NULL,'2025-08-17 08:35:46.000000',18,'2025-08-16 23:35:48.537401',NULL,15,2,'좋습니다!','@@ -0,0 +1,12 @@\n+package kakao.rebit.auth.jwt.exception;\n+\n+import kakao.rebit.common.exception.BusinessException;\n+\n+public class AccessDeniedException extends BusinessException {\n+\n+    public static final BusinessException EXCEPTION = new AccessDeniedException();\n+','src/main/java/com/ssafy/pageon/auth/jwt/exception/AccessDeniedException.java',NULL,'RIGHT',NULL),(24,24,NULL,'2025-08-16 23:37:00.056433','2025-08-17 08:37:01.000000',2280454917,NULL,'2025-08-17 08:37:01.000000',19,'2025-08-16 23:37:03.156058',NULL,18,7,'넹','@@ -0,0 +1,29 @@\n+package com.ssafy.pageon.challenge.repository;\n+import java.util.List;\n+import java.util.Optional;\n+import kakao.rebit.challenge.entity.Challenge;\n+import kakao.rebit.challenge.entity.ChallengeParticipation;\n+import kakao.rebit.member.entity.Member;\n+import org.springframework.data.domain.Page;\n+import org.springframework.data.domain.Pageable;\n+import org.springframework.data.jpa.repository.EntityGraph;\n+import org.springframework.data.jpa.repository.JpaRepository;\n+\n+public interface ChallengeParticipationRepository extends JpaRepository<ChallengeParticipation, Long> {\n+\n+    @EntityGraph(attributePaths = {\"member\"})\n+    Page<ChallengeParticipation> findAllByChallenge(Challenge challenge, Pageable pageable);\n+\n+    Boolean existsByChallengeAndMember(Challenge challenge, Member member);\n+\n+    @EntityGraph(attributePaths = {\"member\", \"challenge\"})\n+    Optional<ChallengeParticipation> findByMemberAndChallenge(Member member, Challenge challenge);\n+\n+    @EntityGraph(attributePaths = {\"challenge\", \"challenge.member\"})\n+    Page<ChallengeParticipation> findAllByMember(Member member, Pageable pageable);\n+','src/main/java/com/ssafy/pageon/challenge/repository/ChallengeParticipationRepository.java',NULL,'RIGHT',NULL),(36,36,NULL,'2025-08-16 23:43:17.809964','2025-08-17 08:43:19.000000',2280456417,NULL,'2025-08-17 08:43:19.000000',20,'2025-08-16 23:43:20.511286',NULL,20,7,'귣','@@ -0,0 +1,113 @@\n+package kakao.rebit.feed.controller;\n+\n+import io.swagger.v3.oas.annotations.Operation;\n+import io.swagger.v3.oas.annotations.Parameter;\n+import io.swagger.v3.oas.annotations.media.Content;\n+import io.swagger.v3.oas.annotations.media.Schema;\n+import io.swagger.v3.oas.annotations.responses.ApiResponse;\n+import io.swagger.v3.oas.annotations.tags.Tag;\n+import jakarta.validation.Valid;\n+import java.net.URI;\n+import kakao.rebit.common.annotation.AllowAnonymous;\n+import kakao.rebit.feed.dto.request.create.CreateFeedRequest;\n+import kakao.rebit.feed.dto.response.FavoriteBookResponse;\n+import kakao.rebit.feed.dto.response.FeedResponse;\n+import kakao.rebit.feed.dto.response.LikesMemberResponse;\n+import kakao.rebit.feed.dto.response.MagazineResponse;\n+import kakao.rebit.feed.dto.response.StoryResponse;\n+import kakao.rebit.feed.service.FeedService;\n+import kakao.rebit.member.annotation.MemberInfo;\n+import kakao.rebit.member.annotation.MemberInfoIfPresent;\n+import kakao.rebit.member.dto.MemberResponse;\n+import org.springframework.data.domain.Page;\n+import org.springframework.data.domain.Pageable;\n+import org.springframework.data.domain.Sort;\n+import org.springframework.data.web.PageableDefault;\n+import org.springframework.http.ResponseEntity;\n+import org.springframework.web.bind.annotation.DeleteMapping;\n+import org.springframework.web.bind.annotation.GetMapping;\n+import org.springframework.web.bind.annotation.PathVariable;\n+import org.springframework.web.bind.annotation.PostMapping;\n+import org.springframework.web.bind.annotation.RequestBody;\n+import org.springframework.web.bind.annotation.RequestMapping;\n+import org.springframework.web.bind.annotation.RestController;\n+\n+@RestController\n+@RequestMapping(\"/api/feeds\")','src/main/java/com/ssafy/pageon/feed/controller/FeedController.java',NULL,'RIGHT',NULL),(13,13,NULL,'2025-08-16 23:44:31.987805','2025-08-17 08:44:33.000000',2280456857,NULL,'2025-08-17 08:44:33.000000',21,'2025-08-16 23:44:34.978082',NULL,21,2,'좋습니다!','@@ -0,0 +1,33 @@\n+package kakao.rebit.auth.exception;\n+\n+import kakao.rebit.common.exception.ErrorCode;\n+import org.springframework.http.HttpStatus;\n+\n+public enum AuthErrorCode implements ErrorCode {\n+    USER_INFO_NOT_FOUND(\"A001\", HttpStatus.NOT_FOUND, \"사용자 정보를 찾을 수 없습니다.\");\n+\n+    private final String code;\n+    private final HttpStatus httpStatus;\n+    private final String message;\n+\n+    AuthErrorCode(String code, HttpStatus httpStatus, String message) {','src/main/java/com/ssafy/pageon/auth/exception/AuthErrorCode.java',NULL,'RIGHT',NULL),(25,25,18,'2025-08-16 23:49:49.436718','2025-08-17 08:49:50.000000',2280458224,NULL,'2025-08-17 08:49:50.000000',22,'2025-08-16 23:49:52.423817',NULL,24,1,'Value로 변수 가져오는 부분 좋네요','@@ -0,0 +1,93 @@\n+package kakao.rebit.auth.service;\n+\n+import java.util.Objects;\n+import kakao.rebit.auth.dto.KakaoToken;\n+import kakao.rebit.auth.dto.KakaoUserInfo;\n+import kakao.rebit.auth.exception.UserInfoNotFoundException;\n+import org.springframework.beans.factory.annotation.Autowired;\n+import org.springframework.beans.factory.annotation.Value;\n+import org.springframework.http.HttpHeaders;\n+import org.springframework.http.MediaType;\n+import org.springframework.http.ResponseEntity;\n+import org.springframework.stereotype.Service;\n+import org.springframework.util.LinkedMultiValueMap;\n+import org.springframework.util.MultiValueMap;\n+import org.springframework.web.client.RestClient;\n+\n+@Service\n+public class KakaoApiClient {\n+\n+    private static final String BEARER_PREFIX = \"Bearer \";\n+\n+    @Value(\"${oauth.kakao.client-id}\")\n+    private String clientId;\n+\n+    @Value(\"${oauth.kakao.url.redirect-url}\")','src/main/java/com/ssafy/pageon/auth/service/KakaoApiClient.java',NULL,'RIGHT','RIGHT'),(13,13,NULL,'2025-08-16 23:50:52.043456','2025-08-17 08:50:53.000000',2280458604,NULL,'2025-08-17 08:50:53.000000',23,'2025-08-16 23:50:55.551119',NULL,25,2,'좋습니다!','@@ -0,0 +1,20 @@\n+package kakao.rebit.feed.repository;\n+\n+import java.util.Optional;\n+import kakao.rebit.book.entity.Book;\n+import kakao.rebit.feed.entity.FavoriteBook;\n+import kakao.rebit.member.entity.Member;\n+import org.springframework.data.domain.Page;\n+import org.springframework.data.domain.Pageable;\n+import org.springframework.data.jpa.repository.JpaRepository;\n+\n+public interface FavoriteBookRepository extends JpaRepository<FavoriteBook, Long> {\n+    \n+    // 해당 책에 대해 가장 많은 좋아요를 받은 인생책 피드를 반환','src/main/java/com/ssafy/pageon/feed/repository/FavoriteBookRepository.java',NULL,'RIGHT',NULL),(11,11,10,'2025-08-16 23:51:03.276791','2025-08-17 08:51:05.000000',2280459175,NULL,'2025-08-17 08:51:05.000000',24,'2025-08-16 23:51:06.983728',NULL,26,7,'ㅇㅅㅇ','@@ -0,0 +1,17 @@\n+package kakao.rebit.feed.repository;\n+\n+import java.util.Optional;\n+import kakao.rebit.feed.entity.Feed;\n+import kakao.rebit.member.entity.Member;\n+import org.springframework.data.domain.Page;\n+import org.springframework.data.domain.Pageable;\n+import org.springframework.data.jpa.repository.JpaRepository;\n+\n+public interface FeedRepository extends JpaRepository<Feed, Long> {\n+    ','src/main/java/com/ssafy/pageon/feed/repository/FeedRepository.java',NULL,'RIGHT','RIGHT'),(49,49,NULL,'2025-08-16 23:51:18.900247','2025-08-17 08:51:20.000000',2280459366,NULL,'2025-08-17 08:51:20.000000',25,'2025-08-16 23:51:22.437493',NULL,28,1,'트랜잭션 read-only 부분 좋네요!','@@ -0,0 +1,126 @@\n+package com.ssafy.pageon.challenge.service;\n+\n+import java.time.LocalDateTime;\n+import kakao.rebit.challenge.dto.ChallengeRequest;\n+import kakao.rebit.challenge.dto.ChallengeResponse;\n+import kakao.rebit.challenge.dto.CreatorResponse;\n+import kakao.rebit.challenge.entity.Challenge;\n+import kakao.rebit.challenge.entity.HeadcountLimit;\n+import kakao.rebit.challenge.entity.Period;\n+import kakao.rebit.challenge.exception.challenge.ChallengeNotFoundException;\n+import kakao.rebit.challenge.exception.challenge.DeleteNotAllowedException;\n+import kakao.rebit.challenge.exception.challenge.DeleteNotAuthorizedException;\n+import kakao.rebit.challenge.repository.ChallengeRepository;\n+import kakao.rebit.member.dto.MemberResponse;\n+import kakao.rebit.member.entity.Member;\n+import kakao.rebit.member.service.MemberService;\n+import kakao.rebit.s3.service.S3Service;\n+import org.springframework.data.domain.Page;\n+import org.springframework.data.domain.Pageable;\n+import org.springframework.stereotype.Service;\n+import org.springframework.transaction.annotation.Transactional;\n+\n+@Service\n+public class ChallengeService {\n+\n+    private final ChallengeRepository challengeRepository;\n+    private final MemberService memberService;\n+    private final S3Service s3Service;\n+\n+    public ChallengeService(ChallengeRepository challengeRepository, MemberService memberService,\n+                            S3Service s3Service) {\n+        this.challengeRepository = challengeRepository;\n+        this.memberService = memberService;\n+        this.s3Service = s3Service;\n+    }\n+\n+    @Transactional(readOnly = true)\n+    public Page<ChallengeResponse> getChallenges(Pageable pageable) {\n+        Page<Challenge> challenges = challengeRepository.findAll(pageable);\n+        return challenges.map(this::toChallengeResponse);\n+    }\n+\n+    @Transactional(readOnly = true)\n+    public ChallengeResponse getChallengeById(Long challengeId) {\n+        Challenge challenge = findChallengeByIdOrThrow(challengeId);\n+        return toChallengeResponse(challenge);\n+    }\n+\n+    @Transactional(readOnly = true)','src/main/java/com/ssafy/pageon/challenge/service/ChallengeService.java',NULL,'RIGHT',NULL),(23,23,16,'2025-08-16 23:51:30.835271','2025-08-17 08:51:32.000000',2280459427,NULL,'2025-08-17 08:51:32.000000',26,'2025-08-16 23:51:34.077359',NULL,29,7,'으아앙','@@ -0,0 +1,87 @@\n+package com.ssafy.pageon.challenge.service;\n+\n+import java.time.temporal.ChronoUnit;\n+import java.util.List;\n+import java.util.Map;\n+import java.util.stream.Collectors;\n+import kakao.rebit.challenge.entity.Challenge;\n+import kakao.rebit.challenge.entity.ChallengeParticipation;\n+import kakao.rebit.challenge.entity.Period;\n+import kakao.rebit.challenge.repository.ChallengeParticipationRepository;\n+import kakao.rebit.challenge.repository.ChallengeVerificationRepository;\n+import kakao.rebit.member.entity.Member;\n+import org.springframework.stereotype.Service;\n+import org.springframework.transaction.annotation.Transactional;\n+\n+@Service\n+public class ChallengeRewardService {\n+\n+    private final ChallengeService challengeService;\n+    private final ChallengeParticipationRepository challengeParticipationRepository;\n+    private final ChallengeVerificationRepository challengeVerificationRepository;\n+\n+    public ChallengeRewardService(','src/main/java/com/ssafy/pageon/challenge/service/ChallengeRewardService.java',NULL,'RIGHT','RIGHT'),(26,26,24,'2025-08-16 23:52:29.842188','2025-08-17 08:52:31.000000',2280459701,NULL,'2025-08-17 08:52:31.000000',27,'2025-08-16 23:52:33.047393',NULL,30,1,'의미있는 팩토리 메서드 좋습니다!','@@ -0,0 +1,43 @@\n+package kakao.rebit.auth.token;\n+\n+import com.fasterxml.jackson.annotation.JsonProperty;\n+\n+public class AuthToken {\n+\n+    private String accessToken;\n+    private String refreshToken;\n+    private String grantType;\n+    private Long expiresIn;\n+\n+    public AuthToken(\n+            @JsonProperty(\"accessToken\") String accessToken,\n+            @JsonProperty(\"refreshToken\") String refreshToken,\n+            @JsonProperty(\"grantType\") String grantType,\n+            @JsonProperty(\"expiresIn\") Long expiresIn\n+    ) {\n+        this.accessToken = accessToken;\n+        this.refreshToken = refreshToken;\n+        this.grantType = grantType;\n+        this.expiresIn = expiresIn;\n+    }\n+\n+    public static AuthToken of(String accessToken, String refreshToken, String grantType, Long expiresIn) {\n+        return new AuthToken(accessToken, refreshToken, grantType, expiresIn);\n+    }','src/main/java/com/ssafy/pageon/auth/token/AuthToken.java',NULL,'RIGHT','RIGHT'),(23,23,NULL,'2025-08-16 23:59:08.359802','2025-08-17 08:59:09.000000',2280461963,NULL,'2025-08-17 08:59:09.000000',28,'2025-08-16 23:59:11.647792',NULL,32,1,'@Value 설정 좋습니다!','@@ -0,0 +1,59 @@\n+package kakao.rebit.auth.controller;\n+\n+import io.swagger.v3.oas.annotations.Operation;\n+import io.swagger.v3.oas.annotations.tags.Tag;\n+import kakao.rebit.auth.dto.LoginResponse;\n+import kakao.rebit.auth.service.KakaoAuthService;\n+import kakao.rebit.auth.jwt.AuthTokenParam;\n+import kakao.rebit.common.annotation.AllowAnonymous;\n+import org.springframework.beans.factory.annotation.Value;\n+import org.springframework.http.ResponseEntity;\n+import org.springframework.stereotype.Controller;\n+import org.springframework.ui.Model;\n+import org.springframework.web.bind.annotation.GetMapping;\n+import org.springframework.web.bind.annotation.RequestMapping;\n+import org.springframework.web.bind.annotation.RequestParam;\n+import org.springframework.web.bind.annotation.ResponseBody;\n+\n+@Controller\n+@RequestMapping(\"/api/auth\")\n+@Tag(name = \"인증 API\", description = \"카카오 로그인 관련 API\")\n+public class KakaoAuthController {\n+\n+    @Value(\"${oauth.kakao.client-id}\")','src/main/java/com/ssafy/pageon/auth/controller/KakaoAuthController.java',NULL,'RIGHT',NULL),(37,11,NULL,'2025-08-17 00:14:35.934385','2025-08-17 09:14:37.000000',2280466140,NULL,'2025-08-17 09:14:37.000000',29,'2025-08-17 00:14:39.091724',NULL,39,1,'claim 생성 좋아요','@@ -31,10 +31,10 @@ public JwtTokenProvider(@Value(\"${custom.jwt.secretKey}\") String base64Secret,\n     public String accessTokenGenerate(String uid, String email, String role, Date expiryDate) {\n         return Jwts.builder()\n             .setSubject(uid)\n-            .claim(\"email\", email)\n-            .claim(\"role\", role)\n-            .setExpiration(expiryDate)\n-            .signWith(key, SignatureAlgorithm.HS256)\n+            .claim(\'id\', id)\n+            .claim(\"roled\", roled)\n+            .setExpiration(expiryDated)\n+            .signWith(key, SignatureAlgorithm.HS25656)','src/main/java/com/ssafy/pageon/auth/jwt/JwtTokenProvider.java',NULL,'RIGHT',NULL),(37,11,-1,'2025-08-17 14:05:45.550082','2025-08-17 23:05:48.000000',2280723955,2280466140,'2025-08-17 23:05:48.000000',30,'2025-08-17 14:05:50.140582',29,39,6,'저도 동의합니다.','@@ -31,10 +31,10 @@ public JwtTokenProvider(@Value(\"${custom.jwt.secretKey}\") String base64Secret,\n     public String accessTokenGenerate(String uid, String email, String role, Date expiryDate) {\n         return Jwts.builder()\n             .setSubject(uid)\n-            .claim(\"email\", email)\n-            .claim(\"role\", role)\n-            .setExpiration(expiryDate)\n-            .signWith(key, SignatureAlgorithm.HS256)\n+            .claim(\'id\', id)\n+            .claim(\"roled\", roled)\n+            .setExpiration(expiryDated)\n+            .signWith(key, SignatureAlgorithm.HS25656)','src/main/java/com/ssafy/pageon/auth/jwt/JwtTokenProvider.java',NULL,'RIGHT','UNKNOWN'),(37,11,-1,'2025-08-17 14:24:04.971413','2025-08-17 23:24:07.000000',2280727622,2280466140,'2025-08-17 23:24:07.000000',31,'2025-08-17 14:24:09.229279',29,39,1,'동의합니다!','@@ -31,10 +31,10 @@ public JwtTokenProvider(@Value(\"${custom.jwt.secretKey}\") String base64Secret,\n     public String accessTokenGenerate(String uid, String email, String role, Date expiryDate) {\n         return Jwts.builder()\n             .setSubject(uid)\n-            .claim(\"email\", email)\n-            .claim(\"role\", role)\n-            .setExpiration(expiryDate)\n-            .signWith(key, SignatureAlgorithm.HS256)\n+            .claim(\'id\', id)\n+            .claim(\"roled\", roled)\n+            .setExpiration(expiryDated)\n+            .signWith(key, SignatureAlgorithm.HS25656)','src/main/java/com/ssafy/pageon/auth/jwt/JwtTokenProvider.java',NULL,'RIGHT','UNKNOWN'),(37,11,-1,'2025-08-17 14:29:06.217478','2025-08-17 23:29:08.000000',2280728605,2280466140,'2025-08-17 23:29:08.000000',32,'2025-08-17 14:29:10.568383',29,39,2,'좋습니다','@@ -31,10 +31,10 @@ public JwtTokenProvider(@Value(\"${custom.jwt.secretKey}\") String base64Secret,\n     public String accessTokenGenerate(String uid, String email, String role, Date expiryDate) {\n         return Jwts.builder()\n             .setSubject(uid)\n-            .claim(\"email\", email)\n-            .claim(\"role\", role)\n-            .setExpiration(expiryDate)\n-            .signWith(key, SignatureAlgorithm.HS256)\n+            .claim(\'id\', id)\n+            .claim(\"roled\", roled)\n+            .setExpiration(expiryDated)\n+            .signWith(key, SignatureAlgorithm.HS25656)','src/main/java/com/ssafy/pageon/auth/jwt/JwtTokenProvider.java',NULL,'RIGHT','UNKNOWN'),(35,35,NULL,'2025-08-17 14:35:40.342529','2025-08-17 23:35:41.000000',2280729868,NULL,'2025-08-17 23:35:41.000000',33,'2025-08-17 14:35:43.500771',NULL,40,2,'DTO를 만들어서 값을 전달하는 습관 아주 좋습니다.','@@ -0,0 +1,151 @@\n+package kakao.rebit.feed.mapper;\n+\n+import kakao.rebit.book.entity.Book;\n+import kakao.rebit.feed.dto.request.create.CreateFavoriteBookRequest;\n+import kakao.rebit.feed.dto.request.create.CreateFeedRequest;\n+import kakao.rebit.feed.dto.request.create.CreateMagazineRequest;\n+import kakao.rebit.feed.dto.request.create.CreateStoryRequest;\n+import kakao.rebit.feed.dto.response.FavoriteBookResponse;\n+import kakao.rebit.feed.dto.response.FeedAuthorResponse;\n+import kakao.rebit.feed.dto.response.FeedBookResponse;\n+import kakao.rebit.feed.dto.response.FeedResponse;\n+import kakao.rebit.feed.dto.response.MagazineResponse;\n+import kakao.rebit.feed.dto.response.StoryResponse;\n+import kakao.rebit.feed.entity.FavoriteBook;\n+import kakao.rebit.feed.entity.Feed;\n+import kakao.rebit.feed.entity.Magazine;\n+import kakao.rebit.feed.entity.Story;\n+import kakao.rebit.feed.exception.feed.InvalidFeedFormatException;\n+import kakao.rebit.member.entity.Member;\n+import kakao.rebit.s3.service.S3Service;\n+import org.springframework.stereotype.Component;\n+\n+@Component\n+public class FeedMapper {\n+    \n+    private final S3Service s3Service;\n+    \n+    public FeedMapper(S3Service s3Service) {\n+        this.s3Service = s3Service;\n+    }\n+    \n+    /**\n+     * Entity -> DTO(Response) 변환\n+     */\n+    public FeedResponse toFeedResponse(boolean isLiked, Feed feed) {','src/main/java/com/ssafy/pageon/feed/mapper/FeedMapper.java',NULL,'RIGHT',NULL),(9,9,5,'2025-08-17 14:55:44.563140','2025-08-17 23:55:45.000000',2280734673,NULL,'2025-08-17 23:55:46.000000',34,'2025-08-17 14:55:47.836353',NULL,41,7,'이부분 조금 버그 체크 되셨나요? 확인부탁드려요.','@@ -0,0 +1,10 @@\n+package com.ssafy.pageon.challenge.dto;\n+\n+import jakarta.validation.constraints.Positive;\n+\n+public record ChallengeParticipationRequest(\n+        @Positive(message = \"입장료는 1 이상이어야 합니다.\")\n+        Integer entryFee\n+) {\n+','src/main/java/com/ssafy/pageon/challenge/dto/ChallengeParticipationRequest.java',NULL,'RIGHT','RIGHT'),(64,64,NULL,'2025-08-17 15:01:00.136081','2025-08-18 00:01:01.000000',2280735675,NULL,'2025-08-18 00:01:01.000000',35,'2025-08-17 15:01:03.640955',NULL,42,7,'이부분 예외처리가 잘되어있는거 같아요. 좋습니다!','@@ -0,0 +1,151 @@\n+package kakao.rebit.feed.mapper;\n+\n+import kakao.rebit.book.entity.Book;\n+import kakao.rebit.feed.dto.request.create.CreateFavoriteBookRequest;\n+import kakao.rebit.feed.dto.request.create.CreateFeedRequest;\n+import kakao.rebit.feed.dto.request.create.CreateMagazineRequest;\n+import kakao.rebit.feed.dto.request.create.CreateStoryRequest;\n+import kakao.rebit.feed.dto.response.FavoriteBookResponse;\n+import kakao.rebit.feed.dto.response.FeedAuthorResponse;\n+import kakao.rebit.feed.dto.response.FeedBookResponse;\n+import kakao.rebit.feed.dto.response.FeedResponse;\n+import kakao.rebit.feed.dto.response.MagazineResponse;\n+import kakao.rebit.feed.dto.response.StoryResponse;\n+import kakao.rebit.feed.entity.FavoriteBook;\n+import kakao.rebit.feed.entity.Feed;\n+import kakao.rebit.feed.entity.Magazine;\n+import kakao.rebit.feed.entity.Story;\n+import kakao.rebit.feed.exception.feed.InvalidFeedFormatException;\n+import kakao.rebit.member.entity.Member;\n+import kakao.rebit.s3.service.S3Service;\n+import org.springframework.stereotype.Component;\n+\n+@Component\n+public class FeedMapper {\n+    \n+    private final S3Service s3Service;\n+    \n+    public FeedMapper(S3Service s3Service) {\n+        this.s3Service = s3Service;\n+    }\n+    \n+    /**\n+     * Entity -> DTO(Response) 변환\n+     */\n+    public FeedResponse toFeedResponse(boolean isLiked, Feed feed) {\n+        return switch (feed) {\n+            case FavoriteBook favoriteBook -> toFavoriteBookResponse(isLiked, favoriteBook);\n+            case Magazine magazine -> toMagazineResponse(isLiked, magazine);\n+            case Story story -> toStoryResponse(isLiked, story);\n+            default -> throw InvalidFeedFormatException.EXCEPTION;\n+        };\n+    }\n+    \n+    /**\n+     * DTO(CreateRequest) -> Entity 변환\n+     */\n+    public Feed toFeed(Member author, Book book, CreateFeedRequest feedRequest) {\n+        return switch (feedRequest) {\n+            case CreateFavoriteBookRequest favoriteBookRequest -> toFavoriteBook(author, book, favoriteBookRequest);\n+            case CreateMagazineRequest magazineRequest -> toMagazine(author, book, magazineRequest);\n+            case CreateStoryRequest storyRequest -> toStory(author, book, storyRequest);\n+            default -> throw InvalidFeedFormatException.EXCEPTION;\n+        };\n+    }\n+    \n+    private FavoriteBookResponse toFavoriteBookResponse(boolean isLiked, FavoriteBook favoriteBook) {\n+        return new FavoriteBookResponse(\n+                favoriteBook.getId(),\n+                this.toAuthorResponse(favoriteBook.getMember()),\n+                this.toBookResponse(favoriteBook.getBook()),\n+                favoriteBook.getType(),\n+                favoriteBook.getLikes(),\n+                isLiked,\n+                favoriteBook.getBriefReview(),','src/main/java/com/ssafy/pageon/feed/mapper/FeedMapper.java',NULL,'RIGHT',NULL),(31,31,25,'2025-08-17 16:17:22.838415','2025-08-18 01:17:24.000000',2280761298,NULL,'2025-08-18 01:17:24.000000',36,'2025-08-17 16:17:26.117033',NULL,44,7,'너무 좋아요','@@ -0,0 +1,66 @@\n+package kakao.rebit.feed.service;\n+\n+import java.util.Set;\n+import kakao.rebit.feed.dto.response.LikesMemberResponse;\n+import kakao.rebit.feed.entity.Feed;\n+import kakao.rebit.feed.entity.Likes;\n+import kakao.rebit.feed.exception.likes.LikesAlreadyPressedException;\n+import kakao.rebit.feed.exception.likes.LikesNotPressedException;\n+import kakao.rebit.feed.repository.LikesRepository;\n+import kakao.rebit.member.entity.Member;\n+import org.springframework.data.domain.Page;\n+import org.springframework.data.domain.Pageable;\n+import org.springframework.stereotype.Service;\n+import org.springframework.transaction.annotation.Transactional;\n+\n+@Service\n+public class LikesService {\n+\n+    private final LikesRepository likesRepository;\n+\n+    public LikesService(LikesRepository likesRepository) {\n+        this.likesRepository = likesRepository;\n+    }\n+\n+    @Transactional(readOnly = true)\n+    public Page<LikesMemberResponse> findLikesMembers(Feed feed, Pageable pageable) {\n+        return likesRepository.findAllByFeedWithMember(feed, pageable).map(this::toLikesMemberResponse);\n+    }\n+\n+    @Transactional\n+    public Long createLikes(Member member, Feed feed) {','src/main/java/com/ssafy/pageon/feed/service/LikesService.java',NULL,'RIGHT','RIGHT'),(43,43,38,'2025-08-17 16:17:22.843927','2025-08-18 01:17:24.000000',2280761300,NULL,'2025-08-18 01:17:24.000000',37,'2025-08-17 16:17:25.970999',NULL,44,7,'이 부분 왜 한 건지 잘 모르겠어서 한 번만 다시 설명 적어주세요','@@ -0,0 +1,53 @@\n+package kakao.rebit.feed.entity;\n+\n+import jakarta.persistence.Entity;\n+import jakarta.persistence.FetchType;\n+import jakarta.persistence.GeneratedValue;\n+import jakarta.persistence.GenerationType;\n+import jakarta.persistence.Id;\n+import jakarta.persistence.JoinColumn;\n+import jakarta.persistence.ManyToOne;\n+import jakarta.persistence.Table;\n+import kakao.rebit.common.persistence.BaseEntity;\n+import kakao.rebit.member.entity.Member;\n+\n+@Entity\n+@Table(name = \"likes\")\n+public class Likes extends BaseEntity {\n+\n+    @Id\n+    @GeneratedValue(strategy = GenerationType.IDENTITY)\n+    private Long id;\n+\n+    @ManyToOne(fetch = FetchType.LAZY)\n+    @JoinColumn(name = \"member_id\")\n+    private Member member;\n+\n+    @ManyToOne(fetch = FetchType.LAZY)\n+    @JoinColumn(name = \"feed_id\")\n+    private Feed feed;\n+\n+    protected Likes() {\n+    }\n+\n+    private Likes(Member member, Feed feed) {\n+        this.member = member;\n+        this.feed = feed;\n+    }\n+\n+    public static Likes of(Member member, Feed feed) {\n+        return new Likes(member, feed);\n+    }\n+\n+    public Long getId() {\n+        return id;','src/main/java/com/ssafy/pageon/feed/entity/Likes.java','voice-comments/review_44/1755415040968recording-1755415004602.webm','RIGHT','RIGHT');
/*!40000 ALTER TABLE `review_comment` ENABLE KEYS */;
UNLOCK TABLES;

--
-- Table structure for table `reviewer`
--

DROP TABLE IF EXISTS `reviewer`;
/*!40101 SET @saved_cs_client     = @@character_set_client */;
/*!50503 SET character_set_client = utf8mb4 */;
CREATE TABLE `reviewer` (
  `created_at` datetime(6) NOT NULL,
  `id` bigint NOT NULL AUTO_INCREMENT,
  `modified_at` datetime(6) NOT NULL,
  `pull_request_id` bigint NOT NULL,
  `user_id` bigint NOT NULL,
  `status` enum('APPROVED','CHANGES_REQUESTED','NONE') COLLATE utf8mb4_unicode_ci NOT NULL,
  PRIMARY KEY (`id`),
  KEY `FKf8fdkpfpwsjfrqe67ipqbv7lm` (`pull_request_id`),
  KEY `FK6w2p3a9lvtqrxfp4p1vhbsnb` (`user_id`),
  CONSTRAINT `FK6w2p3a9lvtqrxfp4p1vhbsnb` FOREIGN KEY (`user_id`) REFERENCES `users` (`id`) ON DELETE CASCADE,
  CONSTRAINT `FKf8fdkpfpwsjfrqe67ipqbv7lm` FOREIGN KEY (`pull_request_id`) REFERENCES `pull_request` (`id`) ON DELETE CASCADE
) ENGINE=InnoDB AUTO_INCREMENT=52 DEFAULT CHARSET=utf8mb4 COLLATE=utf8mb4_unicode_ci;
/*!40101 SET character_set_client = @saved_cs_client */;

--
-- Dumping data for table `reviewer`
--

LOCK TABLES `reviewer` WRITE;
/*!40000 ALTER TABLE `reviewer` DISABLE KEYS */;
INSERT INTO `reviewer` VALUES ('2025-08-16 23:08:52.183531',1,'2025-08-16 23:10:38.078756',1,1,'APPROVED'),('2025-08-16 23:08:52.190140',2,'2025-08-16 23:11:28.929358',1,7,'APPROVED'),('2025-08-16 23:13:37.003919',3,'2025-08-16 23:19:06.756342',2,1,'APPROVED'),('2025-08-16 23:13:37.005331',4,'2025-08-16 23:20:25.933773',2,2,'APPROVED'),('2025-08-16 23:20:21.840257',5,'2025-08-16 23:21:09.740017',3,7,'APPROVED'),('2025-08-16 23:20:21.841669',6,'2025-08-16 23:21:34.270062',3,2,'APPROVED'),('2025-08-16 23:24:29.923126',7,'2025-08-16 23:28:05.526310',4,1,'APPROVED'),('2025-08-16 23:24:29.924647',8,'2025-08-16 23:31:03.541546',4,2,'APPROVED'),('2025-08-16 23:27:10.812842',9,'2025-08-16 23:30:13.859321',5,2,'APPROVED'),('2025-08-16 23:27:10.814220',10,'2025-08-16 23:28:21.977680',5,7,'APPROVED'),('2025-08-16 23:27:46.975985',11,'2025-08-16 23:28:48.033202',6,1,'APPROVED'),('2025-08-16 23:27:46.977437',12,'2025-08-16 23:29:47.620711',6,2,'APPROVED'),('2025-08-16 23:32:59.951832',13,'2025-08-16 23:36:25.303886',7,1,'APPROVED'),('2025-08-16 23:32:59.952940',14,'2025-08-16 23:35:47.110487',7,2,'APPROVED'),('2025-08-16 23:35:14.388136',15,'2025-08-16 23:35:59.049131',8,1,'APPROVED'),('2025-08-16 23:35:14.389289',16,'2025-08-16 23:37:02.242416',8,7,'APPROVED'),('2025-08-16 23:36:31.883619',19,'2025-08-16 23:43:07.783050',10,1,'APPROVED'),('2025-08-16 23:36:31.884697',20,'2025-08-16 23:44:34.212230',10,2,'APPROVED'),('2025-08-16 23:42:47.945163',23,'2025-08-16 23:45:09.623849',12,2,'APPROVED'),('2025-08-16 23:42:47.946282',24,'2025-08-16 23:43:20.059335',12,7,'APPROVED'),('2025-08-16 23:44:40.176840',25,'2025-08-16 23:49:51.587696',13,1,'APPROVED'),('2025-08-16 23:44:40.178019',26,'2025-08-16 23:45:25.147751',13,2,'APPROVED'),('2025-08-16 23:47:46.117180',27,'2025-08-16 23:51:21.701584',14,1,'APPROVED'),('2025-08-16 23:47:46.118167',28,'2025-08-16 23:51:33.195785',14,7,'APPROVED'),('2025-08-16 23:48:37.026345',29,'2025-08-16 23:52:32.226882',15,1,'APPROVED'),('2025-08-16 23:48:37.027395',30,'2025-08-16 23:51:13.882427',15,2,'APPROVED'),('2025-08-16 23:48:52.872034',31,'2025-08-16 23:50:54.242799',16,2,'APPROVED'),('2025-08-16 23:48:52.872927',32,'2025-08-16 23:51:06.061587',16,7,'APPROVED'),('2025-08-16 23:55:04.703157',33,'2025-08-16 23:55:04.703157',17,1,'NONE'),('2025-08-16 23:55:04.704084',34,'2025-08-16 23:59:03.424190',17,2,'APPROVED'),('2025-08-16 23:57:32.338545',35,'2025-08-17 14:35:42.500161',18,2,'APPROVED'),('2025-08-16 23:57:32.339505',36,'2025-08-17 15:01:02.904710',18,7,'APPROVED'),('2025-08-16 23:58:36.476344',37,'2025-08-17 00:03:05.401542',19,1,'CHANGES_REQUESTED'),('2025-08-16 23:58:36.477256',38,'2025-08-17 00:02:06.651826',19,7,'APPROVED'),('2025-08-17 00:09:06.407414',39,'2025-08-17 00:10:26.695855',20,2,'APPROVED'),('2025-08-17 00:09:06.408298',40,'2025-08-17 00:12:12.836762',20,7,'APPROVED'),('2025-08-17 00:14:03.485824',41,'2025-08-17 00:14:38.212569',21,1,'APPROVED'),('2025-08-17 14:54:29.230366',42,'2025-08-17 15:33:56.457475',22,1,'APPROVED'),('2025-08-17 14:54:29.231326',43,'2025-08-17 14:55:46.991885',22,7,'APPROVED'),('2025-08-17 15:06:51.287508',44,'2025-08-17 15:06:51.287508',23,2,'NONE'),('2025-08-17 15:06:51.288354',45,'2025-08-17 15:06:51.288354',23,7,'NONE'),('2025-08-17 15:53:25.356984',46,'2025-08-17 15:53:25.356984',30,1,'NONE'),('2025-08-17 15:53:25.357909',47,'2025-08-17 15:53:25.357909',30,7,'NONE'),('2025-08-17 16:01:08.135500',48,'2025-08-17 16:01:08.135500',31,1,'NONE'),('2025-08-17 16:01:08.136368',49,'2025-08-17 16:01:08.136368',31,2,'NONE'),('2025-08-17 16:13:11.691298',50,'2025-08-17 16:13:11.691298',32,2,'NONE'),('2025-08-17 16:13:11.692028',51,'2025-08-17 16:17:25.179374',32,7,'APPROVED');
/*!40000 ALTER TABLE `reviewer` ENABLE KEYS */;
UNLOCK TABLES;

--
-- Table structure for table `user_account`
--

DROP TABLE IF EXISTS `user_account`;
/*!40101 SET @saved_cs_client     = @@character_set_client */;
/*!50503 SET character_set_client = utf8mb4 */;
CREATE TABLE `user_account` (
  `account_id` bigint NOT NULL,
  `created_at` datetime(6) NOT NULL,
  `id` bigint NOT NULL AUTO_INCREMENT,
  `modified_at` datetime(6) NOT NULL,
  `user_id` bigint NOT NULL,
  PRIMARY KEY (`id`),
  KEY `FK1pxs5fj6ujqfs13gmfg3o5cwo` (`account_id`),
  KEY `FK39fmoyk90bkdgchn1waur8y36` (`user_id`),
  CONSTRAINT `FK1pxs5fj6ujqfs13gmfg3o5cwo` FOREIGN KEY (`account_id`) REFERENCES `account` (`id`) ON DELETE CASCADE,
  CONSTRAINT `FK39fmoyk90bkdgchn1waur8y36` FOREIGN KEY (`user_id`) REFERENCES `users` (`id`)
) ENGINE=InnoDB AUTO_INCREMENT=10 DEFAULT CHARSET=utf8mb4 COLLATE=utf8mb4_unicode_ci;
/*!40101 SET character_set_client = @saved_cs_client */;

--
-- Dumping data for table `user_account`
--

LOCK TABLES `user_account` WRITE;
/*!40000 ALTER TABLE `user_account` DISABLE KEYS */;
INSERT INTO `user_account` VALUES (1,'2025-08-16 22:50:42.647449',1,'2025-08-16 22:50:42.647449',3),(1,'2025-08-16 22:50:42.653376',3,'2025-08-16 22:50:42.653376',1),(1,'2025-08-16 22:50:42.654926',4,'2025-08-16 22:50:42.654926',5),(1,'2025-08-16 22:50:42.656553',5,'2025-08-16 22:50:42.656553',2),(1,'2025-08-16 22:50:42.658215',6,'2025-08-16 22:50:42.658215',6),(1,'2025-08-16 22:50:42.660266',7,'2025-08-16 22:50:42.660266',7),(1,'2025-08-16 22:50:42.661796',8,'2025-08-16 22:50:42.661796',8),(2,'2025-08-17 15:47:59.627714',9,'2025-08-17 15:47:59.627714',3);
/*!40000 ALTER TABLE `user_account` ENABLE KEYS */;
UNLOCK TABLES;

--
-- Table structure for table `users`
--

DROP TABLE IF EXISTS `users`;
/*!40101 SET @saved_cs_client     = @@character_set_client */;
/*!50503 SET character_set_client = utf8mb4 */;
CREATE TABLE `users` (
  `reward_points` int DEFAULT NULL,
  `created_at` datetime(6) NOT NULL,
  `github_id` bigint NOT NULL,
  `id` bigint NOT NULL AUTO_INCREMENT,
  `modified_at` datetime(6) NOT NULL,
  `github_email` varchar(255) COLLATE utf8mb4_unicode_ci DEFAULT NULL,
  `github_username` varchar(255) COLLATE utf8mb4_unicode_ci NOT NULL,
  `profile_image_url` varchar(255) COLLATE utf8mb4_unicode_ci DEFAULT NULL,
  `type` varchar(255) COLLATE utf8mb4_unicode_ci NOT NULL,
  `user_grade` varchar(255) COLLATE utf8mb4_unicode_ci DEFAULT NULL,
  PRIMARY KEY (`id`),
  UNIQUE KEY `UKg9s8emobrgjmob2ty2va0l354` (`github_id`)
) ENGINE=InnoDB AUTO_INCREMENT=13 DEFAULT CHARSET=utf8mb4 COLLATE=utf8mb4_unicode_ci;
/*!40101 SET character_set_client = @saved_cs_client */;

--
-- Dumping data for table `users`
--

LOCK TABLES `users` WRITE;
/*!40000 ALTER TABLE `users` DISABLE KEYS */;
INSERT INTO `users` VALUES (0,'2025-08-16 22:48:20.071919',103165796,1,'2025-08-16 22:48:20.071919','jkl6147@naver.com','kangboom','https://avatars.githubusercontent.com/u/103165796?v=4','User','BASIC'),(0,'2025-08-16 22:49:18.101120',105635950,2,'2025-08-16 22:49:18.101120','kidreamx@gmail.com','kidreamx','https://avatars.githubusercontent.com/u/105635950?v=4','User','BASIC'),(0,'2025-08-16 22:50:42.631613',195266610,3,'2025-08-16 22:50:42.631613','ajtwlsgmlwn@naver.com','huizoo','https://avatars.githubusercontent.com/u/195266610?v=4','User','BASIC'),(0,'2025-08-16 22:50:42.637626',226534622,5,'2025-08-16 22:50:42.637626',NULL,'kangtae-lab','https://avatars.githubusercontent.com/u/226534622?v=4','User','BASIC'),(0,'2025-08-16 22:50:42.639552',101768938,6,'2025-08-16 22:50:42.639552','002seojin@gmail.com','seojjin','https://avatars.githubusercontent.com/u/101768938?v=4','User','BASIC'),(0,'2025-08-16 22:50:42.641402',174577242,7,'2025-08-16 22:50:42.641402','sjw0066@naver.com','sinjinwoo','https://avatars.githubusercontent.com/u/174577242?v=4','User','BASIC'),(0,'2025-08-16 22:50:42.643546',223618127,8,'2025-08-16 22:50:42.643546','trans.argenti@gmail.com','transargenti','https://avatars.githubusercontent.com/u/223618127?v=4','User','BASIC'),(0,'2025-08-16 23:08:52.115936',224899458,9,'2025-08-16 23:08:52.115936',NULL,'ottereviews[bot]','https://avatars.githubusercontent.com/in/1734805?v=4','Bot','BASIC'),(0,'2025-08-17 15:48:06.124890',224980393,10,'2025-08-17 15:48:06.124890',NULL,'ottereviewhuizoo[bot]','https://avatars.githubusercontent.com/u/195266610?v=4','Bot','BASIC'),(0,'2025-08-17 15:50:59.725598',222339218,11,'2025-08-17 15:50:59.725598',NULL,'git-api-test-c108[bot]','https://avatars.githubusercontent.com/in/1650681?v=4','Bot','BASIC'),(0,'2025-08-17 15:55:19.601251',157605815,12,'2025-08-17 15:55:19.601251','hy1x1mn@gmail.com','hy2min','https://avatars.githubusercontent.com/u/157605815?v=4','User','BASIC');
/*!40000 ALTER TABLE `users` ENABLE KEYS */;
UNLOCK TABLES;
/*!40103 SET TIME_ZONE=@OLD_TIME_ZONE */;

/*!40101 SET SQL_MODE=@OLD_SQL_MODE */;
/*!40014 SET FOREIGN_KEY_CHECKS=@OLD_FOREIGN_KEY_CHECKS */;
/*!40014 SET UNIQUE_CHECKS=@OLD_UNIQUE_CHECKS */;
/*!40101 SET CHARACTER_SET_CLIENT=@OLD_CHARACTER_SET_CLIENT */;
/*!40101 SET CHARACTER_SET_RESULTS=@OLD_CHARACTER_SET_RESULTS */;
/*!40101 SET COLLATION_CONNECTION=@OLD_COLLATION_CONNECTION */;
/*!40111 SET SQL_NOTES=@OLD_SQL_NOTES */;

-- Dump completed on 2025-08-17 16:19:02
